id,name,category,ranges,purpose,action,benefit,vulnerability,start_state,end_state,sources,evidence,possible_next,response_examples,occurrences
JAB,Lead jab · 잽,OFFENSE,"[""long"", ""mid""]",사거리·반응을 확인하고 시야를 가림,앞손을 짧게 직선으로 보내고 복귀,사거리·반응을 확인하고 시야를 가림,앞손 복귀 동안 같은 쪽 가드가 비며 단조로운 타이밍을 읽힐 수 있음,"{""distance"": [""long"", ""mid""], ""guard"": ""기술을 낼 손이 움직일 수 있고 지지면이 확보된 상태"", ""phase"": ""neutral/startup 또는 반격 창""}",앞손 extension/recovery; 머리는 설계에 따라 center 또는 off-line,"[""S01"", ""S02""]",coaching consensus,"[""PARRY"", ""BACK"", ""SOUT"", ""PULL"", ""SSTEP"", ""CATCH"", ""LAT"", ""SPLIT"", ""SWAY""]","[{""actor"": ""B"", ""action"": ""PARRY"", ""condition"": ""OO에서 뒷손 작은 패리; 머리 가드 전체가 열렸다고 가정하지 않음 / 같은 손 재사용은 회수·지지면 확보가 전제"", ""scenario"": ""N01""}, {""actor"": ""B"", ""action"": ""BACK"", ""condition"": ""뒤 공간이 있을 때 사거리 증가 / 같은 손 재사용은 회수·지지면 확보가 전제"", ""scenario"": ""N01""}, {""actor"": ""B"", ""action"": ""SOUT"", ""condition"": ""B가 제자리에서 잽 바깥으로 이동 / 같은 손 재사용은 회수·지지면 확보가 전제"", ""scenario"": ""N02""}, {""actor"": ""B"", ""action"": ""PULL"", ""condition"": ""작은 후방 머리 이동만으로 잽이 짧아짐 / 같은 손 재사용은 회수·지지면 확보가 전제"", ""scenario"": ""N05""}, {""actor"": ""B"", ""action"": ""PULL"", ""condition"": ""B 머리 후방; 발은 그대로 / 같은 손 재사용은 회수·지지면 확보가 전제"", ""scenario"": ""N05""}, {""actor"": ""B"", ""action"": ""SOUT"", ""condition"": ""stationary: 머리만 바깥, 발 위치 그대로 / 같은 손 재사용은 회수·지지면 확보가 전제"", ""scenario"": ""N12""}, {""actor"": ""B"", ""action"": ""SSTEP"", ""condition"": ""slip+step: 한 발만 너무 크게 나가지 않고 사거리 압축 / 같은 손 재사용은 회수·지지면 확보가 전제"", ""scenario"": ""N12""}, {""actor"": ""B"", ""action"": ""PARRY"", ""condition"": ""앞손의 작은 패리 선택; OO의 뒷손 처방을 복제하지 않음 / 같은 손 재사용은 회수·지지면 확보가 전제"", ""scenario"": ""N14""}, {""actor"": ""B"", ""action"": ""SOUT"", ""condition"": ""A 잽 바깥은 B 왼쪽; B 발은 그대로 / 같은 손 재사용은 회수·지지면 확보가 전제"", ""scenario"": ""N15""}, {""actor"": ""A"", ""action"": ""BACK"", ""condition"": ""뒤 공간이 충분하고 B 팔 최대 신전 뒤 / 같은 손 재사용은 회수·지지면 확보가 전제"", ""scenario"": ""N16""}, {""actor"": ""B"", ""action"": ""PULL"", ""condition"": ""작은 머리 여유는 있지만 큰 후퇴는 불가 / 같은 손 재사용은 회수·지지면 확보가 전제"", ""scenario"": ""N17""}, {""actor"": ""B"", ""action"": ""CATCH"", ""condition"": ""A 실제 신전에만 작은 방어 / 같은 손 재사용은 회수·지지면 확보가 전제"", ""scenario"": ""N19""}, {""actor"": ""B"", ""action"": ""LAT"", ""condition"": ""직선 후퇴 대신 옆 출구 / 같은 손 재사용은 회수·지지면 확보가 전제"", ""scenario"": ""N21""}, {""actor"": ""B"", ""action"": ""PARRY"", ""condition"": ""실제 신전에 작은 방어 / 같은 손 재사용은 회수·지지면 확보가 전제"", ""scenario"": ""N23""}, {""actor"": ""B"", ""action"": ""SPLIT"", ""condition"": ""머리를 A 잽 궤도 밖으로 두며 짧은 직선을 동시에 겹침 / 같은 손 재사용은 회수·지지면 확보가 전제"", ""scenario"": ""N25""}, {""actor"": ""B"", ""action"": ""SWAY"", ""condition"": ""작은 풀보다 큰 상체 후퇴; 지지면 여유 필요 / 같은 손 재사용은 회수·지지면 확보가 전제"", ""scenario"": ""N26""}, {""actor"": ""B"", ""action"": ""CATCH"", ""condition"": ""뒤로 물러서지 않고 작은 글러브 방어 / 같은 손 재사용은 회수·지지면 확보가 전제"", ""scenario"": ""N27""}]","[""N01_S1"", ""N01_S22"", ""N02_S1"", ""N05_S1"", ""N05_S9"", ""N12_S1"", ""N14_S1"", ""N15_S1"", ""N16_S2"", ""N17_S2"", ""N19_S11"", ""N21_S6"", ""N23_S12"", ""N25_S1"", ""N26_S1"", ""N27_S3""]"
DOUBLE,Double jab · 더블 잽,OFFENSE,"[""long"", ""mid""]",한 번의 방어 후 재조준·진입 가능,첫 잽을 복귀시켜 두 번째 잽의 표적·박자를 조절,한 번의 방어 후 재조준·진입 가능,"두 잽 사이 인터셉트, 연속 전진의 균형 손실","{""distance"": [""long"", ""mid""], ""guard"": ""기술을 낼 손이 움직일 수 있고 지지면이 확보된 상태"", ""phase"": ""neutral/startup 또는 반격 창""}",앞손 반복 extension; 발의 추격 여부가 거리 결정,"[""S01"", ""S06""]",coaching consensus,"[""SSTEP"", ""INTERCEPT"", ""BACK"", ""BLOCK"", ""LAT"", ""CHECK""]","[{""actor"": ""B"", ""action"": ""SSTEP"", ""condition"": ""두 번째 궤도를 읽고 발도 옮겨 바깥으로 / 같은 손 재사용은 회수·지지면 확보가 전제"", ""scenario"": ""N02""}, {""actor"": ""B"", ""action"": ""INTERCEPT"", ""condition"": ""두 잽 사이 간격이 열리고 B 직선 도달 / 같은 손 재사용은 회수·지지면 확보가 전제"", ""scenario"": ""N02""}, {""actor"": ""B"", ""action"": ""BACK"", ""condition"": ""상체만 더 젖히지 않고 발 후퇴 / 같은 손 재사용은 회수·지지면 확보가 전제"", ""scenario"": ""N05""}, {""actor"": ""B"", ""action"": ""BLOCK"", ""condition"": ""새 궤도에는 글러브 방어 / 같은 손 재사용은 회수·지지면 확보가 전제"", ""scenario"": ""N12""}, {""actor"": ""A"", ""action"": ""LAT"", ""condition"": ""직선 추격 밖 옆 출구 / 같은 손 재사용은 회수·지지면 확보가 전제"", ""scenario"": ""N16""}, {""actor"": ""B"", ""action"": ""CHECK"", ""condition"": ""B 축발·옆 출구·짧은 훅 사거리 있을 때 / 같은 손 재사용은 회수·지지면 확보가 전제"", ""scenario"": ""N17""}]","[""N02_S3"", ""N02_S10"", ""N05_S11"", ""N12_S3"", ""N16_S5"", ""N17_S4""]"
BJAB,Body jab · 보디 잽,OFFENSE,"[""long"", ""mid""]",머리 가드 아래 공격·높이 선택 강요,무릎으로 높이를 낮추고 앞손으로 합법 보디 표적,머리 가드 아래 공격·높이 선택 강요,머리가 전방 low에 머물면 위쪽 카운터에 접근,"{""distance"": [""long"", ""mid""], ""guard"": ""기술을 낼 손이 움직일 수 있고 지지면이 확보된 상태"", ""phase"": ""neutral/startup 또는 반격 창""}",low head; 앞손 회수; 보디 표적 라인,"[""S01"", ""S10""]",coaching consensus,"[""ELBOW"", ""BACK"", ""CATCH""]","[{""actor"": ""B"", ""action"": ""ELBOW"", ""condition"": ""팔꿈치는 내려도 글러브 머리 가드는 유지 가능한 분기 / 같은 손 재사용은 회수·지지면 확보가 전제"", ""scenario"": ""N03""}, {""actor"": ""B"", ""action"": ""BACK"", ""condition"": ""후퇴 공간 존재 / 같은 손 재사용은 회수·지지면 확보가 전제"", ""scenario"": ""N03""}, {""actor"": ""B"", ""action"": ""CATCH"", ""condition"": ""보디 궤도에 맞춘 작은 방어; 머리 가드 유지 / 같은 손 재사용은 회수·지지면 확보가 전제"", ""scenario"": ""N05""}, {""actor"": ""B"", ""action"": ""BACK"", ""condition"": ""더 기울이기 대신 발 후퇴로 몸통도 이동 / 같은 손 재사용은 회수·지지면 확보가 전제"", ""scenario"": ""N26""}]","[""N03_S1"", ""N03_S5"", ""N05_S13"", ""N26_S4""]"
CROSS,Rear straight / cross · 뒷손 직선,OFFENSE,"[""long"", ""mid""]",상대 복귀·열린 직선 통로 이용,몸통·팔을 협응해 뒷손 직선 후 회수,상대 복귀·열린 직선 통로 이용,뒷손 가드 이탈과 회전 회수 구간,"{""distance"": [""long"", ""mid""], ""guard"": ""기술을 낼 손이 움직일 수 있고 지지면이 확보된 상태"", ""phase"": ""neutral/startup 또는 반격 창""}",몸통 회전; rear arm recovery; 하중은 변형 의존,"[""S03""]",coaching consensus,"[""SOUT"", ""SIN"", ""SHELL"", ""PIVOT"", ""HG""]","[{""actor"": ""B"", ""action"": ""SOUT"", ""condition"": ""A 크로스 팔 바깥: OO에서 B 왼쪽 / 같은 손 재사용은 회수·지지면 확보가 전제"", ""scenario"": ""N04""}, {""actor"": ""B"", ""action"": ""SIN"", ""condition"": ""A 크로스 안쪽: OO에서 B 오른쪽; A 자유 앞손에 접근 / 같은 손 재사용은 회수·지지면 확보가 전제"", ""scenario"": ""N04""}, {""actor"": ""B"", ""action"": ""SHELL"", ""condition"": ""OO에서 어깨·뒷손·몸통 회전으로 해당 라인 가림 / 같은 손 재사용은 회수·지지면 확보가 전제"", ""scenario"": ""N11""}, {""actor"": ""B"", ""action"": ""PIVOT"", ""condition"": ""B가 A와 다시 마주보도록 재피벗 / 같은 손 재사용은 회수·지지면 확보가 전제"", ""scenario"": ""N13""}, {""actor"": ""B"", ""action"": ""HG"", ""condition"": ""뒷손 방어와 발 복귀 / 같은 손 재사용은 회수·지지면 확보가 전제"", ""scenario"": ""N14""}, {""actor"": ""B"", ""action"": ""SOUT"", ""condition"": ""새 궤도를 보고 팔 바깥 머리 이동 / 같은 손 재사용은 회수·지지면 확보가 전제"", ""scenario"": ""N22""}]","[""N04_S1"", ""N11_S1"", ""N13_S3"", ""N14_S6"", ""N22_S5""]"
LH,Lead hook · 앞손 훅,OFFENSE,"[""mid"", ""pocket""]",직선 밖 이동한 표적·측면 가드 공략,앞손 곡선으로 옆 표적을 향하고 짧게 회수,직선 밖 이동한 표적·측면 가드 공략,넓게 돌면 직선 인터셉트와 반대 훅에 노출,"{""distance"": [""mid"", ""pocket""], ""guard"": ""기술을 낼 손이 움직일 수 있고 지지면이 확보된 상태"", ""phase"": ""neutral/startup 또는 반격 창""}",lead arm recovery; 반대 회전 또는 피벗 준비 가능,"[""S03""]",coaching consensus,"[""ROLL"", ""BLOCK"", ""SPIVOT"", ""BACK""]","[{""actor"": ""B"", ""action"": ""ROLL"", ""condition"": ""훅보다 먼저 무릎을 낮추고 출구 측면으로 이동 / 같은 손 재사용은 회수·지지면 확보가 전제"", ""scenario"": ""N01""}, {""actor"": ""B"", ""action"": ""ROLL"", ""condition"": ""늦지 않게 높이를 낮추고 옆 출구 선택 / 같은 손 재사용은 회수·지지면 확보가 전제"", ""scenario"": ""N04""}, {""actor"": ""B"", ""action"": ""ROLL"", ""condition"": ""높은 훅 아래 곡선으로 이동 / 같은 손 재사용은 회수·지지면 확보가 전제"", ""scenario"": ""N06""}, {""actor"": ""B"", ""action"": ""BLOCK"", ""condition"": ""측면 가드를 회수 / 같은 손 재사용은 회수·지지면 확보가 전제"", ""scenario"": ""N07""}, {""actor"": ""B"", ""action"": ""ROLL"", ""condition"": ""머리 훅 궤도 아래 옆으로 / 같은 손 재사용은 회수·지지면 확보가 전제"", ""scenario"": ""N09""}, {""actor"": ""B"", ""action"": ""SPIVOT"", ""condition"": ""slip+pivot: 훅 궤도 바깥·출구 발 확보 / 같은 손 재사용은 회수·지지면 확보가 전제"", ""scenario"": ""N12""}, {""actor"": ""B"", ""action"": ""BACK"", ""condition"": ""후퇴 공간으로 훅 밖 / 같은 손 재사용은 회수·지지면 확보가 전제"", ""scenario"": ""N13""}, {""actor"": ""A"", ""action"": ""ROLL"", ""condition"": ""높은 오른훅 아래 옆 이동 / 같은 손 재사용은 회수·지지면 확보가 전제"", ""scenario"": ""N15""}, {""actor"": ""B"", ""action"": ""ROLL"", ""condition"": ""높은 훅 밑에서 옆으로 / 같은 손 재사용은 회수·지지면 확보가 전제"", ""scenario"": ""N18""}, {""actor"": ""B"", ""action"": ""SPIVOT"", ""condition"": ""제자리 슬립 반복 대신 머리·발각도 변경 / 같은 손 재사용은 회수·지지면 확보가 전제"", ""scenario"": ""N20""}, {""actor"": ""B"", ""action"": ""ROLL"", ""condition"": ""훅 아래 옆 이동 / 같은 손 재사용은 회수·지지면 확보가 전제"", ""scenario"": ""N22""}, {""actor"": ""B"", ""action"": ""ROLL"", ""condition"": ""높은 훅 아래 옆 이동 / 같은 손 재사용은 회수·지지면 확보가 전제"", ""scenario"": ""N25""}, {""actor"": ""B"", ""action"": ""ROLL"", ""condition"": ""높은 훅 아래 옆 이동 / 같은 손 재사용은 회수·지지면 확보가 전제"", ""scenario"": ""N27""}]","[""N01_S11"", ""N04_S12"", ""N06_S1"", ""N07_S4"", ""N09_S3"", ""N12_S10"", ""N13_S12"", ""N15_S5"", ""N18_S11"", ""N20_S3"", ""N22_S8"", ""N25_S4"", ""N27_S10""]"
RH,Rear hook · 뒷손 훅,OFFENSE,"[""mid"", ""pocket""]",앞손 방어 뒤 측면 공격,뒷손을 짧은 곡선으로 회전,앞손 방어 뒤 측면 공격,큰 궤적과 뒷손 가드 공백,"{""distance"": [""mid"", ""pocket""], ""guard"": ""기술을 낼 손이 움직일 수 있고 지지면이 확보된 상태"", ""phase"": ""neutral/startup 또는 반격 창""}",rear arm recovery; 회전 상태 변형 의존,"[""S03""]",coaching consensus,"[""HG"", ""INTERCEPT""]","[{""actor"": ""B"", ""action"": ""HG"", ""condition"": ""측면 가드 복구가 가능한 타이밍 / 같은 손 재사용은 회수·지지면 확보가 전제"", ""scenario"": ""N06""}, {""actor"": ""B"", ""action"": ""INTERCEPT"", ""condition"": ""B 짧은 직선이 훅보다 먼저 도달하는 타이밍 / 같은 손 재사용은 회수·지지면 확보가 전제"", ""scenario"": ""N07""}]","[""N06_S11"", ""N07_S1""]"
BH,Body hook · 보디 훅,OFFENSE,"[""mid"", ""pocket""]",높은 가드 아래 공격,높이를 바꾸고 짧은 훅으로 갈비·복부의 합법 표적,높은 가드 아래 공격,보디로 손을 보내며 머리 측면이 열릴 수 있음,"{""distance"": [""mid"", ""pocket""], ""guard"": ""기술을 낼 손이 움직일 수 있고 지지면이 확보된 상태"", ""phase"": ""neutral/startup 또는 반격 창""}",low 또는 normal head; 공격팔 아래로 이동,"[""S03"", ""S16""]",coaching consensus,"[""EXIT"", ""ELBOW""]","[{""actor"": ""B"", ""action"": ""EXIT"", ""condition"": ""짧은 옆 스텝 출구 존재 / 같은 손 재사용은 회수·지지면 확보가 전제"", ""scenario"": ""N02""}, {""actor"": ""B"", ""action"": ""ELBOW"", ""condition"": ""합법 보디를 팔꿈치로 차단 / 같은 손 재사용은 회수·지지면 확보가 전제"", ""scenario"": ""N04""}, {""actor"": ""B"", ""action"": ""ELBOW"", ""condition"": ""같은 쪽 글러브도 내려가는 과반응 분기 / 같은 손 재사용은 회수·지지면 확보가 전제"", ""scenario"": ""N09""}, {""actor"": ""B"", ""action"": ""ELBOW"", ""condition"": ""팔꿈치만 닫고 머리 글러브 유지 / 같은 손 재사용은 회수·지지면 확보가 전제"", ""scenario"": ""N09""}, {""actor"": ""B"", ""action"": ""ELBOW"", ""condition"": ""보디 면을 닫고 머리 글러브 유지 / 같은 손 재사용은 회수·지지면 확보가 전제"", ""scenario"": ""N10""}, {""actor"": ""B"", ""action"": ""EXIT"", ""condition"": ""블록과 옆 출구 / 같은 손 재사용은 회수·지지면 확보가 전제"", ""scenario"": ""N11""}, {""actor"": ""B"", ""action"": ""ELBOW"", ""condition"": ""짧은 블록 / 같은 손 재사용은 회수·지지면 확보가 전제"", ""scenario"": ""N17""}, {""actor"": ""B"", ""action"": ""ELBOW"", ""condition"": ""보디 블록; 머리 글러브 유지 / 같은 손 재사용은 회수·지지면 확보가 전제"", ""scenario"": ""N18""}]","[""N02_S7"", ""N04_S5"", ""N09_S1"", ""N10_S4"", ""N11_S7"", ""N17_S11"", ""N18_S3""]"
LU,Lead uppercut · 앞손 어퍼컷,OFFENSE,"[""mid"", ""pocket""]",열린 중앙·낮은 머리의 접근 경로 공략,앞손을 짧은 상승 궤도로 보냄,열린 중앙·낮은 머리의 접근 경로 공략,먼 거리에서 뜨는 궤적·앞손 가드 이탈,"{""distance"": [""mid"", ""pocket""], ""guard"": ""기술을 낼 손이 움직일 수 있고 지지면이 확보된 상태"", ""phase"": ""neutral/startup 또는 반격 창""}",lead arm recovery; 상승·회전 운동,"[""S03""]",coaching consensus,"[""SMOTHER"", ""BACK"", ""BLOCK"", ""SOUT""]","[{""actor"": ""A"", ""action"": ""SMOTHER"", ""condition"": ""어퍼컷 완전 궤도 전에 팔·몸 사이 공간 압축 / 같은 손 재사용은 회수·지지면 확보가 전제"", ""scenario"": ""N04""}, {""actor"": ""B"", ""action"": ""BACK"", ""condition"": ""발 후퇴로 상승 펀치 사거리 이탈 / 같은 손 재사용은 회수·지지면 확보가 전제"", ""scenario"": ""N08""}, {""actor"": ""B"", ""action"": ""BLOCK"", ""condition"": ""짧은 중앙 방어 / 같은 손 재사용은 회수·지지면 확보가 전제"", ""scenario"": ""N23""}, {""actor"": ""B"", ""action"": ""SOUT"", ""condition"": ""짧은 상승 통로의 옆으로 / 같은 손 재사용은 회수·지지면 확보가 전제"", ""scenario"": ""N24""}]","[""N04_S7"", ""N08_S10"", ""N23_S5"", ""N24_S3""]"
RU,Rear uppercut · 뒷손 어퍼컷,OFFENSE,"[""mid"", ""pocket""]",팔 사이 중앙 표적·낮은 진입 공략,뒷손을 상승 곡선으로 보냄,팔 사이 중앙 표적·낮은 진입 공략,준비 때 손을 내리면 훅·직선에 노출,"{""distance"": [""mid"", ""pocket""], ""guard"": ""기술을 낼 손이 움직일 수 있고 지지면이 확보된 상태"", ""phase"": ""neutral/startup 또는 반격 창""}",rear arm recovery; 상승·회전 운동,"[""S03""]",coaching consensus,"[""BLOCK"", ""SPIVOT"", ""DUCK"", ""SOUT"", ""SMOTHER""]","[{""actor"": ""A"", ""action"": ""BLOCK"", ""condition"": ""가드 중앙을 좁혀 받음 / 같은 손 재사용은 회수·지지면 확보가 전제"", ""scenario"": ""N04""}, {""actor"": ""B"", ""action"": ""SPIVOT"", ""condition"": ""머리를 상승선 바깥으로 빼고 발각도도 변경 / 같은 손 재사용은 회수·지지면 확보가 전제"", ""scenario"": ""N06""}, {""actor"": ""B"", ""action"": ""DUCK"", ""condition"": ""위험 분기: 제자리 중앙 덕이 상승 궤도 안으로 들어감 / 같은 손 재사용은 회수·지지면 확보가 전제"", ""scenario"": ""N08""}, {""actor"": ""B"", ""action"": ""SOUT"", ""condition"": ""어퍼컷 상승 궤도의 옆으로 작은 이동; 단순 좌우 명칭이 아닌 실제 궤도 기준 / 같은 손 재사용은 회수·지지면 확보가 전제"", ""scenario"": ""N08""}, {""actor"": ""A"", ""action"": ""BLOCK"", ""condition"": ""팔 사이 중앙 통로를 닫음 / 같은 손 재사용은 회수·지지면 확보가 전제"", ""scenario"": ""N09""}, {""actor"": ""B"", ""action"": ""SMOTHER"", ""condition"": ""완전 궤도 전 A 팔·몸 사이 거리 압축 / 같은 손 재사용은 회수·지지면 확보가 전제"", ""scenario"": ""N23""}]","[""N04_S14"", ""N06_S3"", ""N08_S1"", ""N09_S5"", ""N23_S1""]"
OVER,Overhand · 오버핸드,OFFENSE,"[""long"", ""mid""]",높이·직선 가드 주변 궤적 변경,뒷손을 위에서 휘어 합법 머리 표적으로 보냄,높이·직선 가드 주변 궤적 변경,오버리치·낮은 머리·긴 복귀,"{""distance"": [""long"", ""mid""], ""guard"": ""기술을 낼 손이 움직일 수 있고 지지면이 확보된 상태"", ""phase"": ""neutral/startup 또는 반격 창""}",rear recovery; head low 가능; 균형 조건 중요,"[""S03""]",biomechanical inference,"[""SPIVOT"", ""HG""]","[{""actor"": ""B"", ""action"": ""SPIVOT"", ""condition"": ""오버핸드 궤도 밖으로 머리·축 회전 / 같은 손 재사용은 회수·지지면 확보가 전제"", ""scenario"": ""N03""}, {""actor"": ""B"", ""action"": ""HG"", ""condition"": ""상단 가드 재구성 / 같은 손 재사용은 회수·지지면 확보가 전제"", ""scenario"": ""N11""}]","[""N03_S10"", ""N11_S5""]"
SHOVEL,Shovel hook · 쇼벨 훅,OFFENSE,"[""mid"", ""pocket""]",팔꿈치와 중앙 가드 사이 틈 공략,훅과 어퍼컷 사이 사선 궤도,팔꿈치와 중앙 가드 사이 틈 공략,각도·높이 틀리면 팔꿈치에 막힘,"{""distance"": [""mid"", ""pocket""], ""guard"": ""기술을 낼 손이 움직일 수 있고 지지면이 확보된 상태"", ""phase"": ""neutral/startup 또는 반격 창""}",사선 회전; 보디·머리 표적 분기,"[""S03""]",biomechanical inference,"[""SMOTHER"", ""ELBOW""]","[{""actor"": ""B"", ""action"": ""SMOTHER"", ""condition"": ""궤도가 완성되기 전 압축 / 같은 손 재사용은 회수·지지면 확보가 전제"", ""scenario"": ""N09""}, {""actor"": ""B"", ""action"": ""ELBOW"", ""condition"": ""몸통 회전·팔꿈치로 사선 차단 / 같은 손 재사용은 회수·지지면 확보가 전제"", ""scenario"": ""N24""}]","[""N09_S12"", ""N24_S1""]"
COMBO,Combination continuation · 콤비네이션 지속,OFFENSE,"[""long"", ""mid"", ""pocket""]",한 방어가 다음 방어 준비를 방해할 때 이용,상대 반응을 보며 표적·궤적·박자를 연결,한 방어가 다음 방어 준비를 방해할 때 이용,고정 순서로 계속하면 인터셉트·각도 탈출 허용,"{""distance"": [""long"", ""mid"", ""pocket""], ""guard"": ""기술을 낼 손이 움직일 수 있고 지지면이 확보된 상태"", ""phase"": ""neutral/startup 또는 반격 창""}",연속 startup/extension/recovery가 겹침,"[""S06""]",coaching consensus,"[""HG""]","[{""actor"": ""B"", ""action"": ""HG"", ""condition"": ""B가 머리 방어를 우선 / 같은 손 재사용은 회수·지지면 확보가 전제"", ""scenario"": ""N10""}, {""actor"": ""B"", ""action"": ""HG"", ""condition"": ""첫 머리 공격 방어 / 같은 손 재사용은 회수·지지면 확보가 전제"", ""scenario"": ""N22""}]","[""N10_S1"", ""N22_S14""]"
INTERCEPT,Intercepting straight · 인터셉팅 직선,COUNTER,"[""long"", ""mid""]",접근을 멈추거나 두 공격을 동시에 경쟁시킴,상대 진입 또는 startup에 직선을 겹침,접근을 멈추거나 두 공격을 동시에 경쟁시킴,머리가 라인에 남으면 동시 피격,"{""distance"": [""long"", ""mid""], ""guard"": ""기술을 낼 손이 움직일 수 있고 지지면이 확보된 상태"", ""phase"": ""neutral/startup 또는 반격 창""}",자기 extension와 상대 startup 겹침,"[""S01"", ""S06""]",coaching consensus,"[""SIN"", ""SOUT"", ""PARRY"", ""SSTEP""]","[{""actor"": ""A"", ""action"": ""SIN"", ""condition"": ""B 직선 안쪽으로 최소 이동; 자유손 공격 위험 동반 / 같은 손 재사용은 회수·지지면 확보가 전제"", ""scenario"": ""N02""}, {""actor"": ""A"", ""action"": ""SOUT"", ""condition"": ""직선 바깥으로 머리 이동하며 훅 중단 / 같은 손 재사용은 회수·지지면 확보가 전제"", ""scenario"": ""N07""}, {""actor"": ""A"", ""action"": ""PARRY"", ""condition"": ""실제 직선을 작은 이동으로 / 같은 손 재사용은 회수·지지면 확보가 전제"", ""scenario"": ""N20""}, {""actor"": ""A"", ""action"": ""SSTEP"", ""condition"": ""몸통과 발을 궤도 밖으로 / 같은 손 재사용은 회수·지지면 확보가 전제"", ""scenario"": ""N21""}, {""actor"": ""A"", ""action"": ""SOUT"", ""condition"": ""B 직선 밖으로 회피 / 같은 손 재사용은 회수·지지면 확보가 전제"", ""scenario"": ""N22""}]","[""N02_S11"", ""N07_S2"", ""N20_S10"", ""N21_S10"", ""N22_S16""]"
CJ,Counter jab · 카운터 잽,COUNTER,"[""long"", ""mid""]",작은 반격으로 주도권·거리 회복,방어 뒤 또는 상대 준비에 짧은 앞손 직선,작은 반격으로 주도권·거리 회복,상대의 두 번째 공격에 다시 읽힘,"{""distance"": [""long"", ""mid""], ""guard"": ""기술을 낼 손이 움직일 수 있고 지지면이 확보된 상태"", ""phase"": ""neutral/startup 또는 반격 창""}",lead extension/recovery; 즉시 방어 필요,"[""S11"", ""S16""]",coaching consensus,"[""SOUT"", ""CATCH"", ""EXIT"", ""RESET"", ""BACK"", ""SSTEP"", ""PARRY""]","[{""actor"": ""A"", ""action"": ""SOUT"", ""condition"": ""B 잽의 바깥으로 작은 머리 이동; 두 번째 펀치 관찰 / 같은 손 재사용은 회수·지지면 확보가 전제"", ""scenario"": ""N01""}, {""actor"": ""A"", ""action"": ""CATCH"", ""condition"": ""작은 캐치로 B 잽 수용 / 같은 손 재사용은 회수·지지면 확보가 전제"", ""scenario"": ""N01""}, {""actor"": ""A"", ""action"": ""EXIT"", ""condition"": ""가드를 올리며 옆 이동 / 같은 손 재사용은 회수·지지면 확보가 전제"", ""scenario"": ""N05""}, {""actor"": ""A"", ""action"": ""CATCH"", ""condition"": ""앞손 또는 뒷손 선택은 실제 궤도·손 위치에 따라 / 같은 손 재사용은 회수·지지면 확보가 전제"", ""scenario"": ""N13""}, {""actor"": ""B"", ""action"": ""RESET"", ""condition"": ""작은 반격 후 거리 복귀 / 같은 손 재사용은 회수·지지면 확보가 전제"", ""scenario"": ""N16""}, {""actor"": ""A"", ""action"": ""BACK"", ""condition"": ""뒤 공간 확보 / 같은 손 재사용은 회수·지지면 확보가 전제"", ""scenario"": ""N19""}, {""actor"": ""B"", ""action"": ""BACK"", ""condition"": ""사거리 이탈 공간 존재 / 같은 손 재사용은 회수·지지면 확보가 전제"", ""scenario"": ""N20""}, {""actor"": ""A"", ""action"": ""CATCH"", ""condition"": ""작게 받아 발 간격 유지 / 같은 손 재사용은 회수·지지면 확보가 전제"", ""scenario"": ""N21""}, {""actor"": ""A"", ""action"": ""BACK"", ""condition"": ""중앙의 뒤 공간 / 같은 손 재사용은 회수·지지면 확보가 전제"", ""scenario"": ""N23""}, {""actor"": ""A"", ""action"": ""SSTEP"", ""condition"": ""B 직선 바깥으로 머리·발 위치 이동 / 같은 손 재사용은 회수·지지면 확보가 전제"", ""scenario"": ""N26""}, {""actor"": ""A"", ""action"": ""PARRY"", ""condition"": ""실제 잽에 작은 방어 / 같은 손 재사용은 회수·지지면 확보가 전제"", ""scenario"": ""N27""}]","[""N01_S3"", ""N01_S20"", ""N05_S15"", ""N13_S10"", ""N16_S7"", ""N19_S13"", ""N20_S12"", ""N21_S4"", ""N23_S14"", ""N26_S6"", ""N27_S5""]"
CC,Counter cross · 카운터 크로스,COUNTER,"[""long"", ""mid""]",열린 중앙·늦은 복귀 활용,상대 공격·복귀 창에 뒷손 직선,열린 중앙·늦은 복귀 활용,과도한 진입·다음 훅 위험,"{""distance"": [""long"", ""mid""], ""guard"": ""기술을 낼 손이 움직일 수 있고 지지면이 확보된 상태"", ""phase"": ""neutral/startup 또는 반격 창""}",rear recovery와 몸통 회전,"[""S03"", ""S07""]",coaching consensus,"[""BLOCK"", ""HG"", ""SOUT"", ""SIN"", ""CATCH""]","[{""actor"": ""B"", ""action"": ""BLOCK"", ""condition"": ""B 앞손을 회수해 크로스 라인 블록 / 같은 손 재사용은 회수·지지면 확보가 전제"", ""scenario"": ""N01""}, {""actor"": ""A"", ""action"": ""HG"", ""condition"": ""즉시 가드 압축 / 같은 손 재사용은 회수·지지면 확보가 전제"", ""scenario"": ""N02""}, {""actor"": ""A"", ""action"": ""SOUT"", ""condition"": ""크로스의 팔 바깥으로 탈출 / 같은 손 재사용은 회수·지지면 확보가 전제"", ""scenario"": ""N03""}, {""actor"": ""A"", ""action"": ""SOUT"", ""condition"": ""카운터 크로스 바깥으로 이동 / 같은 손 재사용은 회수·지지면 확보가 전제"", ""scenario"": ""N05""}, {""actor"": ""A"", ""action"": ""SOUT"", ""condition"": ""B 크로스 바깥 머리 이동 / 같은 손 재사용은 회수·지지면 확보가 전제"", ""scenario"": ""N11""}, {""actor"": ""A"", ""action"": ""SOUT"", ""condition"": ""B 왼직선 바깥은 A 오른쪽; 팔 궤도 기준 / 같은 손 재사용은 회수·지지면 확보가 전제"", ""scenario"": ""N14""}, {""actor"": ""A"", ""action"": ""SIN"", ""condition"": ""B 왼직선 안쪽은 A 왼쪽; B 오른앞손을 경계 / 같은 손 재사용은 회수·지지면 확보가 전제"", ""scenario"": ""N15""}, {""actor"": ""A"", ""action"": ""SOUT"", ""condition"": ""유도한 B 크로스 바깥으로 최소 이동 / 같은 손 재사용은 회수·지지면 확보가 전제"", ""scenario"": ""N19""}, {""actor"": ""B"", ""action"": ""SOUT"", ""condition"": ""A 재카운터 라인 바깥으로 / 같은 손 재사용은 회수·지지면 확보가 전제"", ""scenario"": ""N19""}, {""actor"": ""A"", ""action"": ""CATCH"", ""condition"": ""뒷손 직선 면을 작은 글러브로 / 같은 손 재사용은 회수·지지면 확보가 전제"", ""scenario"": ""N20""}]","[""N01_S5"", ""N02_S5"", ""N03_S3"", ""N05_S3"", ""N11_S3"", ""N14_S3"", ""N15_S3"", ""N19_S2"", ""N19_S4"", ""N20_S5""]"
CH,Counter hook · 카운터 훅,COUNTER,"[""mid"", ""pocket""]",직선 복귀·측면 노출 활용,방어로 생긴 측면 표적을 짧게 공격,직선 복귀·측면 노출 활용,"짧은 사거리, 반대 손 카운터","{""distance"": [""mid"", ""pocket""], ""guard"": ""기술을 낼 손이 움직일 수 있고 지지면이 확보된 상태"", ""phase"": ""neutral/startup 또는 반격 창""}",lead recovery; 회전 momentum,"[""S03"", ""S16""]",coaching consensus,"[""PIVOT"", ""ROLL"", ""BLOCK"", ""HG"", ""EXIT""]","[{""actor"": ""B"", ""action"": ""PIVOT"", ""condition"": ""축발·측면 출구 확보 / 같은 손 재사용은 회수·지지면 확보가 전제"", ""scenario"": ""N01""}, {""actor"": ""B"", ""action"": ""ROLL"", ""condition"": ""짧은 훅 아래에서 머리 옆 이동 / 같은 손 재사용은 회수·지지면 확보가 전제"", ""scenario"": ""N02""}, {""actor"": ""A"", ""action"": ""BLOCK"", ""condition"": ""훅 측면 블록을 먼저 복구 / 같은 손 재사용은 회수·지지면 확보가 전제"", ""scenario"": ""N03""}, {""actor"": ""A"", ""action"": ""ROLL"", ""condition"": ""B 훅 궤도 아래 옆으로 이동 / 같은 손 재사용은 회수·지지면 확보가 전제"", ""scenario"": ""N04""}, {""actor"": ""B"", ""action"": ""BLOCK"", ""condition"": ""B 가드 회수 완료; 훅 측면 닫음 / 같은 손 재사용은 회수·지지면 확보가 전제"", ""scenario"": ""N05""}, {""actor"": ""A"", ""action"": ""BLOCK"", ""condition"": ""반격 훅 면을 닫음 / 같은 손 재사용은 회수·지지면 확보가 전제"", ""scenario"": ""N06""}, {""actor"": ""A"", ""action"": ""ROLL"", ""condition"": ""훅 아래 곡선 이동 / 같은 손 재사용은 회수·지지면 확보가 전제"", ""scenario"": ""N08""}, {""actor"": ""A"", ""action"": ""HG"", ""condition"": ""가드 먼저 올림 / 같은 손 재사용은 회수·지지면 확보가 전제"", ""scenario"": ""N09""}, {""actor"": ""A"", ""action"": ""ROLL"", ""condition"": ""훅 아래에서 머리 이동 / 같은 손 재사용은 회수·지지면 확보가 전제"", ""scenario"": ""N10""}, {""actor"": ""A"", ""action"": ""BLOCK"", ""condition"": ""측면 가드를 복구 / 같은 손 재사용은 회수·지지면 확보가 전제"", ""scenario"": ""N13""}, {""actor"": ""A"", ""action"": ""BLOCK"", ""condition"": ""측면 가드 회수 / 같은 손 재사용은 회수·지지면 확보가 전제"", ""scenario"": ""N18""}, {""actor"": ""A"", ""action"": ""ROLL"", ""condition"": ""B 훅 아래 머리 이동 / 같은 손 재사용은 회수·지지면 확보가 전제"", ""scenario"": ""N19""}, {""actor"": ""B"", ""action"": ""HG"", ""condition"": ""측면 가드 압축 / 같은 손 재사용은 회수·지지면 확보가 전제"", ""scenario"": ""N21""}, {""actor"": ""A"", ""action"": ""EXIT"", ""condition"": ""짧은 가드와 출구 / 같은 손 재사용은 회수·지지면 확보가 전제"", ""scenario"": ""N22""}, {""actor"": ""A"", ""action"": ""ROLL"", ""condition"": ""높은 훅 아래 옆 이동 / 같은 손 재사용은 회수·지지면 확보가 전제"", ""scenario"": ""N24""}, {""actor"": ""B"", ""action"": ""BLOCK"", ""condition"": ""B가 진입 균형을 유지해 측면 가드 회복 / 같은 손 재사용은 회수·지지면 확보가 전제"", ""scenario"": ""N25""}, {""actor"": ""B"", ""action"": ""BLOCK"", ""condition"": ""측면 가드 유지 / 같은 손 재사용은 회수·지지면 확보가 전제"", ""scenario"": ""N26""}, {""actor"": ""A"", ""action"": ""BLOCK"", ""condition"": ""측면 가드 회수 / 같은 손 재사용은 회수·지지면 확보가 전제"", ""scenario"": ""N27""}]","[""N01_S15"", ""N02_S13"", ""N03_S12"", ""N04_S3"", ""N05_S5"", ""N06_S5"", ""N08_S8"", ""N09_S10"", ""N10_S6"", ""N13_S5"", ""N18_S13"", ""N19_S6"", ""N21_S12"", ""N22_S10"", ""N24_S5"", ""N25_S13"", ""N26_S8"", ""N27_S12""]"
CB,Counter body shot · 보디 카운터,COUNTER,"[""mid"", ""pocket""]",들린 팔·높은 가드 아래 이용,상대 위쪽 공격 뒤 합법 몸통 표적,들린 팔·높은 가드 아래 이용,머리를 맞교환 라인에 두면 위험,"{""distance"": [""mid"", ""pocket""], ""guard"": ""기술을 낼 손이 움직일 수 있고 지지면이 확보된 상태"", ""phase"": ""neutral/startup 또는 반격 창""}",low head 선택; 공격팔 회수,"[""S16"", ""S10""]",coaching consensus,"[""ELBOW"", ""EXIT""]","[{""actor"": ""A"", ""action"": ""ELBOW"", ""condition"": ""팔꿈치와 몸통으로 짧은 보디 타격 차단 / 같은 손 재사용은 회수·지지면 확보가 전제"", ""scenario"": ""N01""}, {""actor"": ""A"", ""action"": ""ELBOW"", ""condition"": ""가드 손을 유지하며 팔꿈치·회전 / 같은 손 재사용은 회수·지지면 확보가 전제"", ""scenario"": ""N06""}, {""actor"": ""A"", ""action"": ""ELBOW"", ""condition"": ""보디 면 차단 / 같은 손 재사용은 회수·지지면 확보가 전제"", ""scenario"": ""N07""}, {""actor"": ""A"", ""action"": ""ELBOW"", ""condition"": ""보디 면 차단 / 같은 손 재사용은 회수·지지면 확보가 전제"", ""scenario"": ""N12""}, {""actor"": ""B"", ""action"": ""EXIT"", ""condition"": ""가드를 복구하며 옆으로 / 같은 손 재사용은 회수·지지면 확보가 전제"", ""scenario"": ""N24""}, {""actor"": ""A"", ""action"": ""ELBOW"", ""condition"": ""보디 면 차단 / 같은 손 재사용은 회수·지지면 확보가 전제"", ""scenario"": ""N25""}]","[""N01_S13"", ""N06_S9"", ""N07_S6"", ""N12_S8"", ""N24_S7"", ""N25_S6""]"
DELAY,Delayed counter · 지연 카운터,COUNTER,"[""long"", ""mid"", ""pocket""]",즉시 반격을 기다리는 함정 회피,첫 반응 뒤 한 박자 기다리고 다음 복귀를 공격,즉시 반격을 기다리는 함정 회피,기다림 중 콤비네이션·퇴로 상실,"{""distance"": [""long"", ""mid"", ""pocket""], ""guard"": ""기술을 낼 손이 움직일 수 있고 지지면이 확보된 상태"", ""phase"": ""neutral/startup 또는 반격 창""}",ready 상태 유지; 다음 extension 선택,"[""S06""]",biomechanical inference,"[""DOUBLE"", ""LH""]","[{""actor"": ""B"", ""action"": ""DOUBLE"", ""condition"": ""B가 발로 사거리 보정하고 재조준 / 같은 손 재사용은 회수·지지면 확보가 전제"", ""scenario"": ""N16""}, {""actor"": ""A"", ""action"": ""LH"", ""condition"": ""B가 훅 사거리 안에 머물고 A 균형 / 같은 손 재사용은 회수·지지면 확보가 전제"", ""scenario"": ""N22""}]","[""N16_S4"", ""N22_S7""]"
CHECK,Check hook + pivot · 체크 훅,COUNTER,"[""mid"", ""pocket""]",직선 추격을 옆으로 비껴 나옴,짧은 앞손 훅과 축 회전을 결합,직선 추격을 옆으로 비껴 나옴,축발에 하중 과다·퇴로 차단·훅 미달,"{""distance"": [""mid"", ""pocket""], ""guard"": ""기술을 낼 손이 움직일 수 있고 지지면이 확보된 상태"", ""phase"": ""neutral/startup 또는 반격 창""}",off-line angle; 상대 재정렬 필요,"[""S06"", ""S20""]",coaching consensus,"[""BLOCK""]","[{""actor"": ""A"", ""action"": ""BLOCK"", ""condition"": ""훅 측면을 받고 추격 방향 멈춤 / 같은 손 재사용은 회수·지지면 확보가 전제"", ""scenario"": ""N17""}]","[""N17_S5""]"
SPLIT,Split-entry / simultaneous counter,COUNTER,"[""long"", ""mid""]",방어와 공격의 시간을 겹침,머리 라인 변경과 직선 반격을 겹쳐 진입,방어와 공격의 시간을 겹침,교환 위험; 같은 이름에 여러 궤적 존재,"{""distance"": [""long"", ""mid""], ""guard"": ""기술을 낼 손이 움직일 수 있고 지지면이 확보된 상태"", ""phase"": ""neutral/startup 또는 반격 창""}",head off-line; range 감소 가능,"[""S01"", ""S07""]",coaching consensus,"[""PARRY"", ""SOUT""]","[{""actor"": ""A"", ""action"": ""PARRY"", ""condition"": ""B 실제 직선 면을 작게 비킴; A 잽은 중단·회수 필요 / 같은 손 재사용은 회수·지지면 확보가 전제"", ""scenario"": ""N25""}, {""actor"": ""A"", ""action"": ""SOUT"", ""condition"": ""B 진입 직선 궤도 밖으로 작은 머리 이동 / 같은 손 재사용은 회수·지지면 확보가 전제"", ""scenario"": ""N25""}]","[""N25_S2"", ""N25_S11""]"
HG,High guard · 하이 가드,DEFENSE,"[""long"", ""mid"", ""pocket""]",측면·직선 타격 면적을 일부 가림,글러브·팔을 머리 주변에 압축,측면·직선 타격 면적을 일부 가림,시야·보디·기동성 제한; 충격 전달 가능,"{""distance"": [""long"", ""mid"", ""pocket""], ""guard"": ""기술을 낼 손이 움직일 수 있고 지지면이 확보된 상태"", ""phase"": ""neutral/startup 또는 반격 창""}",guard high; body exposed는 팔꿈치 위치 의존,"[""S01"", ""S02""]",coaching consensus,"[""BH"", ""SMOTHER"", ""SHOVEL"", ""GM"", ""LAT"", ""EXIT"", ""INTERCEPT""]","[{""actor"": ""A"", ""action"": ""BH"", ""condition"": ""B가 크로스 회수 중이고 보디 사거리 남음 / 같은 손 재사용은 회수·지지면 확보가 전제"", ""scenario"": ""N02""}, {""actor"": ""B"", ""action"": ""SMOTHER"", ""condition"": ""다음 넓은 훅 startup 전에 밀착 / 같은 손 재사용은 회수·지지면 확보가 전제"", ""scenario"": ""N06""}, {""actor"": ""A"", ""action"": ""SHOVEL"", ""condition"": ""B 팔꿈치와 가드 사이 사선 틈이 실제 존재 / 같은 손 재사용은 회수·지지면 확보가 전제"", ""scenario"": ""N09""}, {""actor"": ""A"", ""action"": ""GM"", ""condition"": ""같은 방어면을 반복 겨냥; 보디가 실제 열렸는지 관찰 / 같은 손 재사용은 회수·지지면 확보가 전제"", ""scenario"": ""N10""}, {""actor"": ""B"", ""action"": ""LAT"", ""condition"": ""블록 사이 옆 출구 존재 / 같은 손 재사용은 회수·지지면 확보가 전제"", ""scenario"": ""N10""}, {""actor"": ""A"", ""action"": ""BH"", ""condition"": ""높은 가드 아래 표적 도달 / 같은 손 재사용은 회수·지지면 확보가 전제"", ""scenario"": ""N11""}, {""actor"": ""B"", ""action"": ""EXIT"", ""condition"": ""다음 추격 전 옆으로 / 같은 손 재사용은 회수·지지면 확보가 전제"", ""scenario"": ""N14""}, {""actor"": ""A"", ""action"": ""BH"", ""condition"": ""B 팔꿈치 사이 합법 보디 표적; 가까이 진입 / 같은 손 재사용은 회수·지지면 확보가 전제"", ""scenario"": ""N18""}, {""actor"": ""B"", ""action"": ""EXIT"", ""condition"": ""옆 출구 확보 / 같은 손 재사용은 회수·지지면 확보가 전제"", ""scenario"": ""N21""}, {""actor"": ""B"", ""action"": ""INTERCEPT"", ""condition"": ""콤비네이션 사이 분명한 startup 틈 / 같은 손 재사용은 회수·지지면 확보가 전제"", ""scenario"": ""N22""}]","[""N02_S6"", ""N06_S12"", ""N09_S11"", ""N10_S2"", ""N11_S6"", ""N14_S7"", ""N18_S2"", ""N21_S13"", ""N22_S15""]"
CATCH,Catch · 캐치,DEFENSE,"[""long"", ""mid""]",사거리 유지·반대 손 준비,작은 글러브 면으로 직선을 받음,사거리 유지·반대 손 준비,큰 도달·글러브가 얼굴로 밀림·페인트 반응,"{""distance"": [""long"", ""mid""], ""guard"": ""기술을 낼 손이 움직일 수 있고 지지면이 확보된 상태"", ""phase"": ""neutral/startup 또는 반격 창""}",받는 손 작은 이동; free hand available,"[""S02"", ""S11""]",coaching consensus,"[""JAB"", ""CJ"", ""RESET"", ""LH"", ""EXIT""]","[{""actor"": ""A"", ""action"": ""JAB"", ""condition"": ""B의 가드가 유지된다고 가정하고 실제 잽으로 다시 정보 획득 / 같은 손 재사용은 회수·지지면 확보가 전제"", ""scenario"": ""N01""}, {""actor"": ""B"", ""action"": ""CJ"", ""condition"": ""A 낮은 머리 복귀가 느리고 앞손 사거리 / 같은 손 재사용은 회수·지지면 확보가 전제"", ""scenario"": ""N05""}, {""actor"": ""A"", ""action"": ""RESET"", ""condition"": ""교환 뒤 링 중앙 재정렬 / 같은 손 재사용은 회수·지지면 확보가 전제"", ""scenario"": ""N10""}, {""actor"": ""A"", ""action"": ""LH"", ""condition"": ""B 안쪽 진입이 훅 사거리 안에 남음 / 같은 손 재사용은 회수·지지면 확보가 전제"", ""scenario"": ""N13""}, {""actor"": ""B"", ""action"": ""CJ"", ""condition"": ""A 회수 창의 실제 앞손 반격 / 같은 손 재사용은 회수·지지면 확보가 전제"", ""scenario"": ""N19""}, {""actor"": ""A"", ""action"": ""EXIT"", ""condition"": ""옆으로 새 출구 / 같은 손 재사용은 회수·지지면 확보가 전제"", ""scenario"": ""N20""}, {""actor"": ""A"", ""action"": ""JAB"", ""condition"": ""B 잽 회수 창에 도달 / 같은 손 재사용은 회수·지지면 확보가 전제"", ""scenario"": ""N21""}, {""actor"": ""B"", ""action"": ""CJ"", ""condition"": ""A 앞손 회수 창의 짧은 반격 / 같은 손 재사용은 회수·지지면 확보가 전제"", ""scenario"": ""N27""}]","[""N01_S21"", ""N05_S14"", ""N10_S13"", ""N13_S11"", ""N19_S12"", ""N20_S6"", ""N21_S5"", ""N27_S4""]"
BLOCK,Block · 블록,DEFENSE,"[""long"", ""mid"", ""pocket""]",머리·보디 맞교환을 제한,팔·글러브로 예상 공격 통로를 닫음,머리·보디 맞교환을 제한,충격·다른 표적 열림·고정 방어 읽힘,"{""distance"": [""long"", ""mid"", ""pocket""], ""guard"": ""기술을 낼 손이 움직일 수 있고 지지면이 확보된 상태"", ""phase"": ""neutral/startup 또는 반격 창""}",지정 표적 cover; 반대 표적은 조건부 공백,"[""S01"", ""S02""]",coaching consensus,"[""EXIT"", ""CB"", ""SMOTHER"", ""PIVOT""]","[{""actor"": ""B"", ""action"": ""EXIT"", ""condition"": ""옆 출구가 비고 A의 다음 훅 전 / 같은 손 재사용은 회수·지지면 확보가 전제"", ""scenario"": ""N01""}, {""actor"": ""A"", ""action"": ""EXIT"", ""condition"": ""출구가 열려 있을 때 옆으로 / 같은 손 재사용은 회수·지지면 확보가 전제"", ""scenario"": ""N03""}, {""actor"": ""A"", ""action"": ""EXIT"", ""condition"": ""연속 교환을 끊을 측면 공간 / 같은 손 재사용은 회수·지지면 확보가 전제"", ""scenario"": ""N04""}, {""actor"": ""B"", ""action"": ""EXIT"", ""condition"": ""옆 출구 확보 / 같은 손 재사용은 회수·지지면 확보가 전제"", ""scenario"": ""N05""}, {""actor"": ""A"", ""action"": ""EXIT"", ""condition"": ""옆 출구에서 가드 복구 / 같은 손 재사용은 회수·지지면 확보가 전제"", ""scenario"": ""N06""}, {""actor"": ""B"", ""action"": ""CB"", ""condition"": ""A 앞손이 위로 복귀 중 몸통 사거리 / 같은 손 재사용은 회수·지지면 확보가 전제"", ""scenario"": ""N07""}, {""actor"": ""B"", ""action"": ""SMOTHER"", ""condition"": ""A 다음 펀치 전 짧은 궤도 공간 압축 / 같은 손 재사용은 회수·지지면 확보가 전제"", ""scenario"": ""N08""}, {""actor"": ""A"", ""action"": ""PIVOT"", ""condition"": ""발 퇴로 확보 / 같은 손 재사용은 회수·지지면 확보가 전제"", ""scenario"": ""N09""}, {""actor"": ""B"", ""action"": ""EXIT"", ""condition"": ""그 뒤 옆각도 확보 / 같은 손 재사용은 회수·지지면 확보가 전제"", ""scenario"": ""N12""}, {""actor"": ""A"", ""action"": ""EXIT"", ""condition"": ""바깥발만 고집하지 않고 빈 출구 / 같은 손 재사용은 회수·지지면 확보가 전제"", ""scenario"": ""N13""}, {""actor"": ""B"", ""action"": ""EXIT"", ""condition"": ""옆 출구로 로프에서 벗어날 시간 / 같은 손 재사용은 회수·지지면 확보가 전제"", ""scenario"": ""N17""}, {""actor"": ""B"", ""action"": ""EXIT"", ""condition"": ""남은 출구로 탈출 / 같은 손 재사용은 회수·지지면 확보가 전제"", ""scenario"": ""N18""}, {""actor"": ""B"", ""action"": ""PIVOT"", ""condition"": ""축발·출구 확보 / 같은 손 재사용은 회수·지지면 확보가 전제"", ""scenario"": ""N23""}, {""actor"": ""B"", ""action"": ""EXIT"", ""condition"": ""반격 없이 각도 탈출 / 같은 손 재사용은 회수·지지면 확보가 전제"", ""scenario"": ""N25""}, {""actor"": ""B"", ""action"": ""EXIT"", ""condition"": ""옆 퇴로 존재 / 같은 손 재사용은 회수·지지면 확보가 전제"", ""scenario"": ""N26""}, {""actor"": ""B"", ""action"": ""EXIT"", ""condition"": ""남은 빈 출구로 중앙 복귀 / 같은 손 재사용은 회수·지지면 확보가 전제"", ""scenario"": ""N27""}]","[""N01_S6"", ""N03_S13"", ""N04_S15"", ""N05_S6"", ""N06_S6"", ""N07_S5"", ""N08_S3"", ""N09_S6"", ""N12_S4"", ""N13_S6"", ""N17_S6"", ""N18_S14"", ""N23_S6"", ""N25_S14"", ""N26_S9"", ""N27_S13""]"
ELBOW,Elbow body block · 팔꿈치 블록,DEFENSE,"[""long"", ""mid"", ""pocket""]",보디 훅·사선 공격을 팔로 받음,팔꿈치를 좁히거나 몸통 회전으로 보디 통로 차단,보디 훅·사선 공격을 팔로 받음,같은 쪽 머리 가드가 실제로 내려가면 head opening,"{""distance"": [""mid"", ""pocket""], ""guard"": ""기술을 낼 손이 움직일 수 있고 지지면이 확보된 상태"", ""phase"": ""neutral/startup 또는 반격 창""}",guard elbow-tucked; 머리 가드 하강은 별도 분기,"[""S01"", ""S16""]",coaching consensus,"[""CH"", ""CC"", ""OVER"", ""LU"", ""RH"", ""PIVOT"", ""LH"", ""SMOTHER"", ""EXIT""]","[{""actor"": ""A"", ""action"": ""CH"", ""condition"": ""B 공격팔 회수 동안 머리 표적 접근 / 같은 손 재사용은 회수·지지면 확보가 전제"", ""scenario"": ""N01""}, {""actor"": ""B"", ""action"": ""CC"", ""condition"": ""A 머리가 전방 중앙에 남고 B 뒷손 사거리 / 같은 손 재사용은 회수·지지면 확보가 전제"", ""scenario"": ""N03""}, {""actor"": ""A"", ""action"": ""OVER"", ""condition"": ""B 머리 가드 공백·뒷손 도달; 준비가 읽히지 않았을 때 / 같은 손 재사용은 회수·지지면 확보가 전제"", ""scenario"": ""N03""}, {""actor"": ""B"", ""action"": ""LU"", ""condition"": ""A가 low center에 남고 중앙 상승 통로가 열렸을 때 / 같은 손 재사용은 회수·지지면 확보가 전제"", ""scenario"": ""N04""}, {""actor"": ""A"", ""action"": ""RH"", ""condition"": ""B 앞손 보디 공격으로 같은 쪽 머리가 실제 비는 경우 / 같은 손 재사용은 회수·지지면 확보가 전제"", ""scenario"": ""N06""}, {""actor"": ""A"", ""action"": ""PIVOT"", ""condition"": ""발과 출구 확보 / 같은 손 재사용은 회수·지지면 확보가 전제"", ""scenario"": ""N07""}, {""actor"": ""A"", ""action"": ""LH"", ""condition"": ""글러브가 복귀하기 전 같은 쪽 머리로 짧게 상승 표적 변경 / 같은 손 재사용은 회수·지지면 확보가 전제"", ""scenario"": ""N09""}, {""actor"": ""B"", ""action"": ""CH"", ""condition"": ""A 보디 펀치 팔 회수 중 머리 측면 도달 / 같은 손 재사용은 회수·지지면 확보가 전제"", ""scenario"": ""N09""}, {""actor"": ""B"", ""action"": ""CH"", ""condition"": ""A 공격팔 회수 때 측면 짧은 반격 / 같은 손 재사용은 회수·지지면 확보가 전제"", ""scenario"": ""N10""}, {""actor"": ""A"", ""action"": ""LH"", ""condition"": ""B 머리가 훅 사거리 안에 남음 / 같은 손 재사용은 회수·지지면 확보가 전제"", ""scenario"": ""N12""}, {""actor"": ""B"", ""action"": ""SMOTHER"", ""condition"": ""넓은 다음 공격 전 압축 / 같은 손 재사용은 회수·지지면 확보가 전제"", ""scenario"": ""N17""}, {""actor"": ""B"", ""action"": ""SMOTHER"", ""condition"": ""A 긴 후속 궤도 전에 압축 / 같은 손 재사용은 회수·지지면 확보가 전제"", ""scenario"": ""N18""}, {""actor"": ""A"", ""action"": ""LU"", ""condition"": ""B가 팔을 아래로 옮겨 중앙 머리 통로가 실제 열릴 때 / 같은 손 재사용은 회수·지지면 확보가 전제"", ""scenario"": ""N24""}, {""actor"": ""A"", ""action"": ""EXIT"", ""condition"": ""가드 복귀하며 옆 탈출 / 같은 손 재사용은 회수·지지면 확보가 전제"", ""scenario"": ""N25""}]","[""N01_S14"", ""N03_S2"", ""N03_S9"", ""N04_S6"", ""N06_S10"", ""N07_S7"", ""N09_S2"", ""N09_S9"", ""N10_S5"", ""N12_S9"", ""N17_S12"", ""N18_S4"", ""N24_S2"", ""N25_S7""]"
PARRY,Small parry · 작은 패리,DEFENSE,"[""long"", ""mid""]",거리 유지·상대 공격선 이동,글러브로 직선을 최소 이동만큼 비킴,거리 유지·상대 공격선 이동,반복 타이밍과 복귀를 읽힐 수 있음; 자동 빈틈 아님,"{""distance"": [""long"", ""mid""], ""guard"": ""기술을 낼 손이 움직일 수 있고 지지면이 확보된 상태"", ""phase"": ""neutral/startup 또는 반격 창""}",parry hand slightly displaced; 복귀 가능,"[""S01"", ""S02"", ""S11"", ""S16""]",coaching consensus,"[""CJ"", ""CC"", ""RHYTHM"", ""LH"", ""EXIT""]","[{""actor"": ""B"", ""action"": ""CJ"", ""condition"": ""A 앞손이 아직 복귀 중이고 B 앞손의 사거리 안 / 같은 손 재사용은 회수·지지면 확보가 전제"", ""scenario"": ""N01""}, {""actor"": ""B"", ""action"": ""CC"", ""condition"": ""B 왼뒷손 통로가 열리고 머리 라인 분리 / 같은 손 재사용은 회수·지지면 확보가 전제"", ""scenario"": ""N14""}, {""actor"": ""A"", ""action"": ""CJ"", ""condition"": ""반대 손 잽 도달 / 같은 손 재사용은 회수·지지면 확보가 전제"", ""scenario"": ""N20""}, {""actor"": ""A"", ""action"": ""RHYTHM"", ""condition"": ""가드 복구 후 다음 공격을 한 박자 지연 / 같은 손 재사용은 회수·지지면 확보가 전제"", ""scenario"": ""N22""}, {""actor"": ""B"", ""action"": ""CJ"", ""condition"": ""A 회수 창에 반대 앞손 도달 / 같은 손 재사용은 회수·지지면 확보가 전제"", ""scenario"": ""N23""}, {""actor"": ""A"", ""action"": ""LH"", ""condition"": ""앞손 회수 완료 후 중거리 측면 표적 / 같은 손 재사용은 회수·지지면 확보가 전제"", ""scenario"": ""N25""}, {""actor"": ""B"", ""action"": ""EXIT"", ""condition"": ""A 패리 중 옆 출구·가드 복구 시간 확보 / 같은 손 재사용은 회수·지지면 확보가 전제"", ""scenario"": ""N27""}]","[""N01_S2"", ""N14_S2"", ""N20_S11"", ""N22_S2"", ""N23_S13"", ""N25_S3"", ""N27_S6""]"
WIDE,Premature / wide parry · 조기·큰 패리,DEFENSE,"[""long"", ""mid""]",예측이 맞으면 미리 공격 통로 변화,실제 펀치 전 또는 필요 이상 손을 이동,예측이 맞으면 미리 공격 통로 변화,손 측면·중앙 공백; 페인트 비용,"{""distance"": [""long"", ""mid""], ""guard"": ""기술을 낼 손이 움직일 수 있고 지지면이 확보된 상태"", ""phase"": ""neutral/startup 또는 반격 창""}",guard parry-displaced; window until hand returns,"[""S02""]",coaching consensus,"[""LH"", ""CROSS""]","[{""actor"": ""A"", ""action"": ""LH"", ""condition"": ""B 뒷손 측면이 실제로 비고 중거리 접근 완료 / 같은 손 재사용은 회수·지지면 확보가 전제"", ""scenario"": ""N01""}, {""actor"": ""A"", ""action"": ""CROSS"", ""condition"": ""B 패리 손 복귀 전 열린 실제 직선 통로 / 같은 손 재사용은 회수·지지면 확보가 전제"", ""scenario"": ""N22""}]","[""N01_S10"", ""N22_S4""]"
SOUT,Outside slip · 바깥 슬립,DEFENSE,"[""long"", ""mid"", ""pocket""]",해당 직선 공격선을 벗어남,들어오는 특정 펀치의 팔 바깥으로 머리 이동,해당 직선 공격선을 벗어남,다음 펀치 재조준·훅·균형 손실,"{""distance"": [""long"", ""mid"", ""pocket""], ""guard"": ""기술을 낼 손이 움직일 수 있고 지지면이 확보된 상태"", ""phase"": ""neutral/startup 또는 반격 창""}",head outside incoming punch; 발각도 자동 우위 아님,"[""S02"", ""S07""]",coaching consensus,"[""CC"", ""DOUBLE"", ""BJAB"", ""CH"", ""LH"", ""OVER"", ""OUTFOOT"", ""BH"", ""DELAY"", ""RESET""]","[{""actor"": ""A"", ""action"": ""CC"", ""condition"": ""B 잽 회수 전 뒷손 통로·사거리 확보 / 같은 손 재사용은 회수·지지면 확보가 전제"", ""scenario"": ""N01""}, {""actor"": ""A"", ""action"": ""DOUBLE"", ""condition"": ""첫 잽 완전 회수 후 두 번째 잽을 이동 표적에 재조준; 같은 직선 반복 아님 / 같은 손 재사용은 회수·지지면 확보가 전제"", ""scenario"": ""N02""}, {""actor"": ""A"", ""action"": ""BJAB"", ""condition"": ""B 뒷손 회수 중 보디 라인이 남은 경우 / 같은 손 재사용은 회수·지지면 확보가 전제"", ""scenario"": ""N03""}, {""actor"": ""B"", ""action"": ""CH"", ""condition"": ""B가 짧은 앞손 훅 사거리·지지면 확보 / 같은 손 재사용은 회수·지지면 확보가 전제"", ""scenario"": ""N04""}, {""actor"": ""A"", ""action"": ""CH"", ""condition"": ""짧은 발 보정으로 훅 사거리 확보 / 같은 손 재사용은 회수·지지면 확보가 전제"", ""scenario"": ""N05""}, {""actor"": ""A"", ""action"": ""LH"", ""condition"": ""B 직선 회수 전에 반대 짧은 훅 도달 / 같은 손 재사용은 회수·지지면 확보가 전제"", ""scenario"": ""N07""}, {""actor"": ""B"", ""action"": ""CH"", ""condition"": ""A 뒷손 회수 전에 옆 표적 접근 / 같은 손 재사용은 회수·지지면 확보가 전제"", ""scenario"": ""N08""}, {""actor"": ""A"", ""action"": ""OVER"", ""condition"": ""B가 같은 어깨면으로만 돌아오고 상단 궤도가 실제 열릴 때 / 같은 손 재사용은 회수·지지면 확보가 전제"", ""scenario"": ""N11""}, {""actor"": ""A"", ""action"": ""DOUBLE"", ""condition"": ""회수 후 이동 표적에 새 잽 / 같은 손 재사용은 회수·지지면 확보가 전제"", ""scenario"": ""N12""}, {""actor"": ""A"", ""action"": ""OUTFOOT"", ""condition"": ""빈 발 공간에 바깥앞발 확보; 스텝 완료 필요 / 같은 손 재사용은 회수·지지면 확보가 전제"", ""scenario"": ""N14""}, {""actor"": ""B"", ""action"": ""CC"", ""condition"": ""B 왼뒷손 반격 라인·사거리 남음 / 같은 손 재사용은 회수·지지면 확보가 전제"", ""scenario"": ""N15""}, {""actor"": ""A"", ""action"": ""BH"", ""condition"": ""A 도착 후 몸통 사거리 / 같은 손 재사용은 회수·지지면 확보가 전제"", ""scenario"": ""N17""}, {""actor"": ""A"", ""action"": ""CC"", ""condition"": ""B 뒷손 복귀 전 A의 뒷손 사거리 / 같은 손 재사용은 회수·지지면 확보가 전제"", ""scenario"": ""N19""}, {""actor"": ""B"", ""action"": ""CH"", ""condition"": ""짧은 스텝으로 훅 사거리와 지지면 / 같은 손 재사용은 회수·지지면 확보가 전제"", ""scenario"": ""N19""}, {""actor"": ""A"", ""action"": ""LH"", ""condition"": ""B 새 머리 좌표가 A 훅 도달 궤도 안에 있을 때만 / 같은 손 재사용은 회수·지지면 확보가 전제"", ""scenario"": ""N20""}, {""actor"": ""B"", ""action"": ""DELAY"", ""condition"": ""A 다음 훅을 경계해 반격 한 박자 보류 / 같은 손 재사용은 회수·지지면 확보가 전제"", ""scenario"": ""N22""}, {""actor"": ""A"", ""action"": ""RESET"", ""condition"": ""피로·균형 때문에 템포를 낮추고 교환 종료 / 같은 손 재사용은 회수·지지면 확보가 전제"", ""scenario"": ""N22""}, {""actor"": ""B"", ""action"": ""CH"", ""condition"": ""A 앞손 회수 전 머리 측면 / 같은 손 재사용은 회수·지지면 확보가 전제"", ""scenario"": ""N24""}, {""actor"": ""A"", ""action"": ""CH"", ""condition"": ""B 앞손 또는 뒷손 회수 창에 측면 도달 / 같은 손 재사용은 회수·지지면 확보가 전제"", ""scenario"": ""N25""}]","[""N01_S4"", ""N02_S2"", ""N03_S4"", ""N04_S2"", ""N05_S4"", ""N07_S3"", ""N08_S7"", ""N11_S4"", ""N12_S2"", ""N14_S4"", ""N15_S2"", ""N17_S10"", ""N19_S3"", ""N19_S5"", ""N20_S2"", ""N22_S6"", ""N22_S17"", ""N24_S4"", ""N25_S12""]"
SIN,Inside slip · 안쪽 슬립,DEFENSE,"[""long"", ""mid"", ""pocket""]",가까운 보디·짧은 반격 통로,펀치와 상대 자유손 사이로 머리 이동,가까운 보디·짧은 반격 통로,자유손 공격 통로로 접근,"{""distance"": [""long"", ""mid"", ""pocket""], ""guard"": ""기술을 낼 손이 움직일 수 있고 지지면이 확보된 상태"", ""phase"": ""neutral/startup 또는 반격 창""}",head inside incoming punch; range unchanged or 감소,"[""S02"", ""S07""]",coaching consensus,"[""CH"", ""LH""]","[{""actor"": ""A"", ""action"": ""CH"", ""condition"": ""B 뒷손 회수 전 중거리 측면 표적 / 같은 손 재사용은 회수·지지면 확보가 전제"", ""scenario"": ""N02""}, {""actor"": ""A"", ""action"": ""LH"", ""condition"": ""B가 stationary이고 앞손 훅 궤도 안에 남음 / 같은 손 재사용은 회수·지지면 확보가 전제"", ""scenario"": ""N04""}, {""actor"": ""B"", ""action"": ""LH"", ""condition"": ""SS 앞손 훅은 오른손; 작은 진입 스텝 완료 후 A 머리가 도달 궤도 안 / 같은 손 재사용은 회수·지지면 확보가 전제"", ""scenario"": ""N15""}]","[""N02_S12"", ""N04_S11"", ""N15_S4""]"
SSTEP,Slip + step · 슬립+스텝,DEFENSE,"[""long"", ""mid""]",위치·거리도 함께 변경,머리 라인 이동과 작은 발 이동 결합,위치·거리도 함께 변경,스텝 시간·발 충돌·각도 추적 허용,"{""distance"": [""long"", ""mid""], ""guard"": ""기술을 낼 손이 움직일 수 있고 지지면이 확보된 상태"", ""phase"": ""neutral/startup 또는 반격 창""}",head outside; 상대적 거리·발 위치 변경,"[""S06"", ""S07""]",coaching consensus,"[""CC"", ""CB"", ""CH""]","[{""actor"": ""B"", ""action"": ""CC"", ""condition"": ""새 각도의 뒷손 통로가 B 사거리 안 / 같은 손 재사용은 회수·지지면 확보가 전제"", ""scenario"": ""N02""}, {""actor"": ""B"", ""action"": ""CB"", ""condition"": ""도착 지지면·합법 보디 라인 / 같은 손 재사용은 회수·지지면 확보가 전제"", ""scenario"": ""N12""}, {""actor"": ""A"", ""action"": ""CH"", ""condition"": ""새 측면 표적과 사거리 / 같은 손 재사용은 회수·지지면 확보가 전제"", ""scenario"": ""N21""}, {""actor"": ""A"", ""action"": ""CH"", ""condition"": ""지지면 회복 뒤 짧은 훅 사거리 / 같은 손 재사용은 회수·지지면 확보가 전제"", ""scenario"": ""N26""}]","[""N02_S4"", ""N12_S7"", ""N21_S11"", ""N26_S7""]"
SPIVOT,Slip + pivot · 슬립+피벗,DEFENSE,"[""mid"", ""pocket""]",복귀 공격선 밖에 남는 선택,머리 회피와 재지향 회전 결합,복귀 공격선 밖에 남는 선택,축발·출구가 막히면 회전 미완,"{""distance"": [""mid"", ""pocket""], ""guard"": ""기술을 낼 손이 움직일 수 있고 지지면이 확보된 상태"", ""phase"": ""neutral/startup 또는 반격 창""}",off-line; angle advantage 조건부,"[""S06"", ""S07""]",coaching consensus,"[""CH"", ""RESET"", ""CC""]","[{""actor"": ""B"", ""action"": ""CH"", ""condition"": ""A 회전 회수 동안 측면 표적 / 같은 손 재사용은 회수·지지면 확보가 전제"", ""scenario"": ""N03""}, {""actor"": ""B"", ""action"": ""CH"", ""condition"": ""A 어퍼컷 팔 회수·측면 노출 사거리 / 같은 손 재사용은 회수·지지면 확보가 전제"", ""scenario"": ""N06""}, {""actor"": ""A"", ""action"": ""RESET"", ""condition"": ""새 각도 재정렬 / 같은 손 재사용은 회수·지지면 확보가 전제"", ""scenario"": ""N12""}, {""actor"": ""B"", ""action"": ""CC"", ""condition"": ""A 훅 회수 중 새 뒷손 통로 / 같은 손 재사용은 회수·지지면 확보가 전제"", ""scenario"": ""N20""}]","[""N03_S11"", ""N06_S4"", ""N12_S11"", ""N20_S4""]"
PULL,Pull · 작은 풀,DEFENSE,"[""long"", ""mid""]",짧게 빗나가게 하고 반격 거리 유지,발을 크게 옮기지 않고 머리만 후방 이동,짧게 빗나가게 하고 반격 거리 유지,몸통 사거리 유지·추격 두 번째 펀치,"{""distance"": [""long"", ""mid""], ""guard"": ""기술을 낼 손이 움직일 수 있고 지지면이 확보된 상태"", ""phase"": ""neutral/startup 또는 반격 창""}","head rearward; rear loaded 경향, 과도한 경우 균형 감소","[""S01"", ""S02""]",coaching consensus,"[""CC"", ""DOUBLE""]","[{""actor"": ""B"", ""action"": ""CC"", ""condition"": ""B 균형·뒷손 사거리 남고 A 잽 회수 중 / 같은 손 재사용은 회수·지지면 확보가 전제"", ""scenario"": ""N05""}, {""actor"": ""A"", ""action"": ""DOUBLE"", ""condition"": ""A가 균형 있는 스텝으로 두 번째 잽 도달 / 같은 손 재사용은 회수·지지면 확보가 전제"", ""scenario"": ""N05""}, {""actor"": ""A"", ""action"": ""DOUBLE"", ""condition"": ""A가 발로 추격; 같은 풀만 반복하면 사거리 보정 / 같은 손 재사용은 회수·지지면 확보가 전제"", ""scenario"": ""N17""}]","[""N05_S2"", ""N05_S10"", ""N17_S3""]"
SWAY,Sway · 큰 상체 후퇴,DEFENSE,"[""long"", ""mid""]",머리 사거리 증가,상체를 더 크게 뒤로 기울임,머리 사거리 증가,지지면 밖 중심·느린 전진 복귀·보디 노출,"{""distance"": [""long"", ""mid""], ""guard"": ""기술을 낼 손이 움직일 수 있고 지지면이 확보된 상태"", ""phase"": ""neutral/startup 또는 반격 창""}",rearward; balance conditional; 큰 운동거리,"[""S01""]",coaching consensus,"[""LEVEL""]","[{""actor"": ""A"", ""action"": ""LEVEL"", ""condition"": ""B 머리를 추격하지 않고 무릎으로 보디 높이 준비 / 같은 손 재사용은 회수·지지면 확보가 전제"", ""scenario"": ""N26""}]","[""N26_S2""]"
DUCK,Duck · 덕,DEFENSE,"[""mid"", ""pocket""]",높은 공격 궤도 밑으로 이동,무릎을 굽혀 머리 높이를 낮춤,높은 공격 궤도 밑으로 이동,제자리 중앙의 낮은 머리는 상승 궤도와 만날 수 있음,"{""distance"": [""mid"", ""pocket""], ""guard"": ""기술을 낼 손이 움직일 수 있고 지지면이 확보된 상태"", ""phase"": ""neutral/startup 또는 반격 창""}",head low; vertical displacement; guard 유지,"[""S02"", ""S10""]",coaching consensus,"[""BLOCK""]","[{""actor"": ""B"", ""action"": ""BLOCK"", ""condition"": ""피격 전 팔·글러브로 중앙을 닫을 시간이 있을 때; 이미 맞았다면 이 경로는 중단 / 같은 손 재사용은 회수·지지면 확보가 전제"", ""scenario"": ""N08""}]","[""N08_S2""]"
ROLL,Weave / roll · 위빙·롤,DEFENSE,"[""mid"", ""pocket""]",높은 훅 아래를 지나 측면으로 나옴,무릎·몸통으로 U형 또는 곡선 머리 이동,높은 훅 아래를 지나 측면으로 나옴,반복 경로·허리 굽힘·다음 낮은 공격,"{""distance"": [""mid"", ""pocket""], ""guard"": ""기술을 낼 손이 움직일 수 있고 지지면이 확보된 상태"", ""phase"": ""neutral/startup 또는 반격 창""}",low→side head; 회전·하중은 출구 의존,"[""S01"", ""S08"", ""S09""]",coaching consensus,"[""CB"", ""SMOTHER"", ""BH"", ""RU"", ""LU"", ""EXIT"", ""CH""]","[{""actor"": ""B"", ""action"": ""CB"", ""condition"": ""롤 출구에서 몸통 표적이 닿음 / 같은 손 재사용은 회수·지지면 확보가 전제"", ""scenario"": ""N01""}, {""actor"": ""B"", ""action"": ""SMOTHER"", ""condition"": ""A 다음 긴 공격 전 거리 압축 / 같은 손 재사용은 회수·지지면 확보가 전제"", ""scenario"": ""N02""}, {""actor"": ""A"", ""action"": ""BH"", ""condition"": ""롤 출구에서 B 보디 사거리 유지 / 같은 손 재사용은 회수·지지면 확보가 전제"", ""scenario"": ""N04""}, {""actor"": ""B"", ""action"": ""RU"", ""condition"": ""롤 이후 A가 중앙으로 돌아오고 짧은 상승 사거리 / 같은 손 재사용은 회수·지지면 확보가 전제"", ""scenario"": ""N04""}, {""actor"": ""A"", ""action"": ""RU"", ""condition"": ""B가 롤 중 낮은 중앙을 통과하며 상승 궤도와 겹칠 때만 / 같은 손 재사용은 회수·지지면 확보가 전제"", ""scenario"": ""N06""}, {""actor"": ""B"", ""action"": ""CB"", ""condition"": ""A 훅 회수 전에 롤 출구에서 합법 보디 도달 / 같은 손 재사용은 회수·지지면 확보가 전제"", ""scenario"": ""N06""}, {""actor"": ""A"", ""action"": ""LU"", ""condition"": ""B가 중앙으로 복귀할 때 앞손 상승 통로 / 같은 손 재사용은 회수·지지면 확보가 전제"", ""scenario"": ""N08""}, {""actor"": ""B"", ""action"": ""RU"", ""condition"": ""롤 후 중앙 표적이 남고 사거리 / 같은 손 재사용은 회수·지지면 확보가 전제"", ""scenario"": ""N09""}, {""actor"": ""A"", ""action"": ""EXIT"", ""condition"": ""가드 복구하며 각도 탈출 / 같은 손 재사용은 회수·지지면 확보가 전제"", ""scenario"": ""N10""}, {""actor"": ""A"", ""action"": ""EXIT"", ""condition"": ""짧은 반격 대신 출구 선택 / 같은 손 재사용은 회수·지지면 확보가 전제"", ""scenario"": ""N15""}, {""actor"": ""B"", ""action"": ""CH"", ""condition"": ""A 훅 회수 사이 반대 짧은 훅 / 같은 손 재사용은 회수·지지면 확보가 전제"", ""scenario"": ""N18""}, {""actor"": ""A"", ""action"": ""EXIT"", ""condition"": ""가드와 발을 옆 출구로 / 같은 손 재사용은 회수·지지면 확보가 전제"", ""scenario"": ""N19""}, {""actor"": ""B"", ""action"": ""CH"", ""condition"": ""A 훅 회수 창 / 같은 손 재사용은 회수·지지면 확보가 전제"", ""scenario"": ""N22""}, {""actor"": ""A"", ""action"": ""CB"", ""condition"": ""롤 출구에서 보디 도달 / 같은 손 재사용은 회수·지지면 확보가 전제"", ""scenario"": ""N24""}, {""actor"": ""B"", ""action"": ""CB"", ""condition"": ""A 훅 회수 전에 합법 보디 도달 / 같은 손 재사용은 회수·지지면 확보가 전제"", ""scenario"": ""N25""}, {""actor"": ""B"", ""action"": ""CH"", ""condition"": ""A 훅 회수 중 짧은 반격 / 같은 손 재사용은 회수·지지면 확보가 전제"", ""scenario"": ""N27""}]","[""N01_S12"", ""N02_S14"", ""N04_S4"", ""N04_S13"", ""N06_S2"", ""N08_S9"", ""N09_S4"", ""N10_S7"", ""N15_S6"", ""N18_S12"", ""N19_S7"", ""N22_S9"", ""N24_S6"", ""N25_S5"", ""N27_S11""]"
SHELL,Shoulder shell · 숄더 셸,DEFENSE,"[""long"", ""mid"", ""pocket""]",특정 직선·측면 통로 가림,어깨·뒷손·몸통 회전으로 방어면 구성,특정 직선·측면 통로 가림,반대 스탠스·오버핸드·보디·회전 반대 방향,"{""distance"": [""long"", ""mid"", ""pocket""], ""guard"": ""기술을 낼 손이 움직일 수 있고 지지면이 확보된 상태"", ""phase"": ""neutral/startup 또는 반격 창""}",guard shell; torso rotated; angle matters,"[""S01""]",coaching consensus,"[""CC""]","[{""actor"": ""B"", ""action"": ""CC"", ""condition"": ""회전 복귀·B 뒷손 통로·사거리 / 같은 손 재사용은 회수·지지면 확보가 전제"", ""scenario"": ""N11""}]","[""N11_S2""]"
BACK,Step-back · 후퇴 스텝,POSITION,"[""long"", ""mid"", ""pocket""]",상대 펀치 사거리 밖으로,두 발의 간격을 보존하며 뒤로 이동,상대 펀치 사거리 밖으로,추격·로프·전진 반격에 새 스텝 필요,"{""distance"": [""long"", ""mid"", ""pocket""], ""guard"": ""기술을 낼 손이 움직일 수 있고 지지면이 확보된 상태"", ""phase"": ""neutral/startup 또는 반격 창""}",range 증가; rear space 소비,"[""S01"", ""S06""]",coaching consensus,"[""PROBE"", ""RESET"", ""BJAB"", ""DELAY"", ""PRESS"", ""CJ"", ""JAB""]","[{""actor"": ""A"", ""action"": ""PROBE"", ""condition"": ""사거리 밖에서 재탐색; 타격 성공 주장 없음 / 같은 손 재사용은 회수·지지면 확보가 전제"", ""scenario"": ""N01""}, {""actor"": ""A"", ""action"": ""RESET"", ""condition"": ""보디 추격을 보류하고 높이·발 복귀 / 같은 손 재사용은 회수·지지면 확보가 전제"", ""scenario"": ""N03""}, {""actor"": ""A"", ""action"": ""BJAB"", ""condition"": ""B 머리보다 가까운 몸통 표적 도달 / 같은 손 재사용은 회수·지지면 확보가 전제"", ""scenario"": ""N05""}, {""actor"": ""A"", ""action"": ""RESET"", ""condition"": ""무리한 어퍼컷 추격 중단 / 같은 손 재사용은 회수·지지면 확보가 전제"", ""scenario"": ""N08""}, {""actor"": ""A"", ""action"": ""RESET"", ""condition"": ""발 우위를 주장하기 전 상대 몸통 각도 재확인 / 같은 손 재사용은 회수·지지면 확보가 전제"", ""scenario"": ""N13""}, {""actor"": ""A"", ""action"": ""DELAY"", ""condition"": ""B가 두 번째 펀치를 낼 수 있으므로 즉시 돌진 보류 / 같은 손 재사용은 회수·지지면 확보가 전제"", ""scenario"": ""N16""}, {""actor"": ""A"", ""action"": ""PROBE"", ""condition"": ""과도한 반응 유도 보류하고 거리 정보 다시 획득 / 같은 손 재사용은 회수·지지면 확보가 전제"", ""scenario"": ""N19""}, {""actor"": ""A"", ""action"": ""RESET"", ""condition"": ""양쪽 준비 복귀 / 같은 손 재사용은 회수·지지면 확보가 전제"", ""scenario"": ""N20""}, {""actor"": ""A"", ""action"": ""PRESS"", ""condition"": ""A가 균형 있는 발로 출구 선점; 아직 펀치 미도달 / 같은 손 재사용은 회수·지지면 확보가 전제"", ""scenario"": ""N21""}, {""actor"": ""B"", ""action"": ""RESET"", ""condition"": ""추격을 보류 / 같은 손 재사용은 회수·지지면 확보가 전제"", ""scenario"": ""N23""}, {""actor"": ""B"", ""action"": ""CJ"", ""condition"": ""A 낮은 머리 복귀 창과 사거리 / 같은 손 재사용은 회수·지지면 확보가 전제"", ""scenario"": ""N26""}, {""actor"": ""A"", ""action"": ""JAB"", ""condition"": ""B 뒤 퇴로가 닫힌 상태의 머리 위협 / 같은 손 재사용은 회수·지지면 확보가 전제"", ""scenario"": ""N27""}]","[""N01_S23"", ""N03_S6"", ""N05_S12"", ""N08_S11"", ""N13_S13"", ""N16_S3"", ""N19_S14"", ""N20_S13"", ""N21_S2"", ""N23_S15"", ""N26_S5"", ""N27_S2""]"
LAT,Lateral step · 옆 스텝,POSITION,"[""long"", ""mid"", ""pocket""]",직선 추격·퇴로를 옆으로 재설정,측면으로 발 간격을 유지해 이동,직선 추격·퇴로를 옆으로 재설정,원형 훅·링 커팅·발 교차,"{""distance"": [""long"", ""mid"", ""pocket""], ""guard"": ""기술을 낼 손이 움직일 수 있고 지지면이 확보된 상태"", ""phase"": ""neutral/startup 또는 반격 창""}",head line과 상대 bearing 변경,"[""S06""]",coaching consensus,"[""PRESS"", ""CJ"", ""LH"", ""RESET""]","[{""actor"": ""A"", ""action"": ""PRESS"", ""condition"": ""무작정 따라가기 대신 B 출구 선점 시도 / 같은 손 재사용은 회수·지지면 확보가 전제"", ""scenario"": ""N10""}, {""actor"": ""A"", ""action"": ""CJ"", ""condition"": ""B가 재지향하는 창에 앞손 도달 / 같은 손 재사용은 회수·지지면 확보가 전제"", ""scenario"": ""N16""}, {""actor"": ""A"", ""action"": ""LH"", ""condition"": ""B 출구 예상 훅; 도달·정확한 예상 필요 / 같은 손 재사용은 회수·지지면 확보가 전제"", ""scenario"": ""N18""}, {""actor"": ""A"", ""action"": ""RESET"", ""condition"": ""출구 선점을 놓쳤으면 추격 중단 / 같은 손 재사용은 회수·지지면 확보가 전제"", ""scenario"": ""N21""}, {""actor"": ""A"", ""action"": ""LH"", ""condition"": ""작은 진입으로 훅 사거리; B 출구 예상이 맞을 때 / 같은 손 재사용은 회수·지지면 확보가 전제"", ""scenario"": ""N27""}]","[""N10_S10"", ""N16_S6"", ""N18_S10"", ""N21_S7"", ""N27_S9""]"
PIVOT,Pivot · 피벗,POSITION,"[""long"", ""mid"", ""pocket""]",공격선 옆각도·출구 확보,지지발 주위로 다른 발과 몸을 재지향,공격선 옆각도·출구 확보,축발 막힘·과회전·상대가 같이 돌기,"{""distance"": [""mid"", ""pocket""], ""guard"": ""기술을 낼 손이 움직일 수 있고 지지면이 확보된 상태"", ""phase"": ""neutral/startup 또는 반격 창""}",relative angle conditional; range 거의 유지,"[""S06""]",coaching consensus,"[""RESET"", ""CH"", ""EXIT""]","[{""actor"": ""A"", ""action"": ""RESET"", ""condition"": ""B 피벗 뒤 추격을 보류하고 재지향 / 같은 손 재사용은 회수·지지면 확보가 전제"", ""scenario"": ""N01""}, {""actor"": ""B"", ""action"": ""RESET"", ""condition"": ""재지향과 거리 복귀 / 같은 손 재사용은 회수·지지면 확보가 전제"", ""scenario"": ""N07""}, {""actor"": ""B"", ""action"": ""RESET"", ""condition"": ""상대 재지향 / 같은 손 재사용은 회수·지지면 확보가 전제"", ""scenario"": ""N09""}, {""actor"": ""B"", ""action"": ""CH"", ""condition"": ""A 출구가 B 앞손 훅 사거리 안에 남은 경우 / 같은 손 재사용은 회수·지지면 확보가 전제"", ""scenario"": ""N13""}, {""actor"": ""B"", ""action"": ""EXIT"", ""condition"": ""자유로운 출구로 코너 탈출 / 같은 손 재사용은 회수·지지면 확보가 전제"", ""scenario"": ""N18""}, {""actor"": ""B"", ""action"": ""EXIT"", ""condition"": ""상대 궤도 밖으로 / 같은 손 재사용은 회수·지지면 확보가 전제"", ""scenario"": ""N23""}]","[""N01_S16"", ""N07_S8"", ""N09_S7"", ""N13_S4"", ""N18_S7"", ""N23_S7""]"
CLINCH,Clinch · 클린치 국면,DEFENSE,"[""clinch"", ""pocket""]",긴 펀치 공간 감소,밀착·팔 얽힘으로 교환이 중단되는 국면,긴 펀치 공간 감소,짧은 자유손·심판 break·홀딩 반칙,"{""distance"": [""clinch"", ""pocket""], ""guard"": ""기술을 낼 손이 움직일 수 있고 지지면이 확보된 상태"", ""phase"": ""neutral/startup 또는 반격 창""}",range clinch; arms restricted; no holding-and-hitting,"[""S17""]",coaching consensus,"[""BREAK""]","[{""actor"": ""B"", ""action"": ""BREAK"", ""condition"": ""심판 지시 뒤 합법 분리 / 같은 손 재사용은 회수·지지면 확보가 전제"", ""scenario"": ""N02""}, {""actor"": ""A"", ""action"": ""BREAK"", ""condition"": ""심판 break 뒤 재개 / 같은 손 재사용은 회수·지지면 확보가 전제"", ""scenario"": ""N04""}, {""actor"": ""B"", ""action"": ""BREAK"", ""condition"": ""심판 지시 후 재개 / 같은 손 재사용은 회수·지지면 확보가 전제"", ""scenario"": ""N08""}, {""actor"": ""B"", ""action"": ""BREAK"", ""condition"": ""합법 재개 / 같은 손 재사용은 회수·지지면 확보가 전제"", ""scenario"": ""N09""}, {""actor"": ""B"", ""action"": ""BREAK"", ""condition"": ""심판 분리 후 퇴로·공간 새 설정 / 같은 손 재사용은 회수·지지면 확보가 전제"", ""scenario"": ""N17""}, {""actor"": ""B"", ""action"": ""BREAK"", ""condition"": ""심판 지시에 분리; 재개까지 타격 없음 / 같은 손 재사용은 회수·지지면 확보가 전제"", ""scenario"": ""N23""}]","[""N02_S16"", ""N04_S9"", ""N08_S5"", ""N09_S14"", ""N17_S14"", ""N23_S10""]"
FRAME,Frame / contact · 접촉 프레임,DEFENSE,"[""pocket"", ""clinch""]",진입을 느끼고 재정렬 공간 확보,짧은 접촉으로 공간·자세를 감지,진입을 느끼고 재정렬 공간 확보,손 가드 이탈·밀기/지속 시야 차단 반칙 가능,"{""distance"": [""pocket"", ""clinch""], ""guard"": ""기술을 낼 손이 움직일 수 있고 지지면이 확보된 상태"", ""phase"": ""neutral/startup 또는 반격 창""}",contact; 규칙 허용 범위 조건,"[""S17""]",biomechanical inference,"[""PIVOT"", ""RESET""]","[{""actor"": ""B"", ""action"": ""PIVOT"", ""condition"": ""한 출구가 실제 열리고 상대 팔에 잠기지 않음 / 같은 손 재사용은 회수·지지면 확보가 전제"", ""scenario"": ""N18""}, {""actor"": ""A"", ""action"": ""RESET"", ""condition"": ""접촉이 합법 해제되고 짧은 공격 공간·양쪽 가드 복구 / 같은 손 재사용은 회수·지지면 확보가 전제"", ""scenario"": ""N23""}]","[""N18_S6"", ""N23_S3""]"
SMOTHER,Smother · 펀치 공간 압축,DEFENSE,"[""pocket"", ""clinch""]",긴 궤적의 완전 신전 방해,몸과 발로 너무 가까운 거리까지 압축,긴 궤적의 완전 신전 방해,짧은 훅·어퍼컷·머리 충돌·위치 상실,"{""distance"": [""pocket"", ""clinch""], ""guard"": ""기술을 낼 손이 움직일 수 있고 지지면이 확보된 상태"", ""phase"": ""neutral/startup 또는 반격 창""}",range pocket/clinch; short punches remain,"[""S06"", ""S17""]",biomechanical inference,"[""CLINCH"", ""BREAK"", ""FRAME""]","[{""actor"": ""A"", ""action"": ""CLINCH"", ""condition"": ""양팔 접촉으로 교환 멈춤; 홀딩 타격 금지 / 같은 손 재사용은 회수·지지면 확보가 전제"", ""scenario"": ""N02""}, {""actor"": ""B"", ""action"": ""CLINCH"", ""condition"": ""자유손 교환을 중단 / 같은 손 재사용은 회수·지지면 확보가 전제"", ""scenario"": ""N04""}, {""actor"": ""A"", ""action"": ""BREAK"", ""condition"": ""심판 분리와 재개 / 같은 손 재사용은 회수·지지면 확보가 전제"", ""scenario"": ""N06""}, {""actor"": ""A"", ""action"": ""CLINCH"", ""condition"": ""교환 중단 국면 / 같은 손 재사용은 회수·지지면 확보가 전제"", ""scenario"": ""N08""}, {""actor"": ""A"", ""action"": ""CLINCH"", ""condition"": ""짧은 교환 중단 / 같은 손 재사용은 회수·지지면 확보가 전제"", ""scenario"": ""N09""}, {""actor"": ""A"", ""action"": ""CLINCH"", ""condition"": ""교환 중단 국면 / 같은 손 재사용은 회수·지지면 확보가 전제"", ""scenario"": ""N17""}, {""actor"": ""A"", ""action"": ""FRAME"", ""condition"": ""짧은 합법 접촉만; 밀기·목 고정 없이 공간 감지 / 같은 손 재사용은 회수·지지면 확보가 전제"", ""scenario"": ""N18""}, {""actor"": ""A"", ""action"": ""FRAME"", ""condition"": ""순간 접촉으로 분리 여지; 밀거나 잡은 채 치지 않음 / 같은 손 재사용은 회수·지지면 확보가 전제"", ""scenario"": ""N23""}, {""actor"": ""A"", ""action"": ""CLINCH"", ""condition"": ""팔이 얽혀 자유 타격 공간 없음 / 같은 손 재사용은 회수·지지면 확보가 전제"", ""scenario"": ""N23""}]","[""N02_S15"", ""N04_S8"", ""N06_S13"", ""N08_S4"", ""N09_S13"", ""N17_S13"", ""N18_S5"", ""N23_S2""]"
JF,Jab feint · 잽 페인트,MANIPULATION,"[""long"", ""mid""]",패리·슬립·반격의 선택을 탐색,잽 startup 단서를 주고 완전 신전은 보류,패리·슬립·반격의 선택을 탐색,반응 없음·실제 카운터·타이밍 비용,"{""distance"": [""long"", ""mid""], ""guard"": ""기술을 낼 손이 움직일 수 있고 지지면이 확보된 상태"", ""phase"": ""neutral/startup 또는 반격 창""}",belief update; 상대 반응은 분기,"[""S05"", ""S14""]",coaching consensus,"[""WIDE"", ""READ"", ""CC"", ""SPLIT""]","[{""actor"": ""B"", ""action"": ""WIDE"", ""condition"": ""B가 조기에 뒷손을 넓게 이동 / 같은 손 재사용은 회수·지지면 확보가 전제"", ""scenario"": ""N01""}, {""actor"": ""B"", ""action"": ""READ"", ""condition"": ""B가 팔을 크게 옮기지 않고 거리 유지 / 같은 손 재사용은 회수·지지면 확보가 전제"", ""scenario"": ""N01""}, {""actor"": ""B"", ""action"": ""CC"", ""condition"": ""B가 실제 잽으로 오인하고 뒷손 반격 / 같은 손 재사용은 회수·지지면 확보가 전제"", ""scenario"": ""N19""}, {""actor"": ""B"", ""action"": ""READ"", ""condition"": ""B가 페인트를 의심해 뒷손 보류 / 같은 손 재사용은 회수·지지면 확보가 전제"", ""scenario"": ""N19""}, {""actor"": ""B"", ""action"": ""SPLIT"", ""condition"": ""B가 실공격으로 오인하고 직선 진입 / 같은 손 재사용은 회수·지지면 확보가 전제"", ""scenario"": ""N25""}]","[""N01_S9"", ""N01_S18"", ""N19_S1"", ""N25_S10""]"
LF,Level feint · 높이 페인트,MANIPULATION,"[""long"", ""mid"", ""pocket""]",팔꿈치·머리 위치 반응 유도,무릎·시선으로 보디 공격 단서,팔꿈치·머리 위치 반응 유도,가드 유지·위쪽 인터셉트,"{""distance"": [""long"", ""mid"", ""pocket""], ""guard"": ""기술을 낼 손이 움직일 수 있고 지지면이 확보된 상태"", ""phase"": ""neutral/startup 또는 반격 창""}",head lower signal; 상대 elbow drop은 비확정,"[""S05"", ""S14""]",coaching consensus,"[""ELBOW""]","[{""actor"": ""B"", ""action"": ""ELBOW"", ""condition"": ""이 분기는 글러브까지 실제로 내려간 과반응 / 같은 손 재사용은 회수·지지면 확보가 전제"", ""scenario"": ""N03""}]","[""N03_S8""]"
SF,Shoulder feint · 어깨 페인트,MANIPULATION,"[""long"", ""mid""]",슬립·블록 방향을 먼저 드러내게 함,어깨 회전으로 직선·훅 단서,슬립·블록 방향을 먼저 드러내게 함,과회전·정보 노출·반응 없음,"{""distance"": [""long"", ""mid""], ""guard"": ""기술을 낼 손이 움직일 수 있고 지지면이 확보된 상태"", ""phase"": ""neutral/startup 또는 반격 창""}",small torso signal; head move opponent-dependent,"[""S05"", ""S14""]",coaching consensus,"[""SOUT"", ""READ""]","[{""actor"": ""B"", ""action"": ""SOUT"", ""condition"": ""B가 직선으로 예상해 먼저 고정 방향 슬립 / 같은 손 재사용은 회수·지지면 확보가 전제"", ""scenario"": ""N20""}, {""actor"": ""B"", ""action"": ""READ"", ""condition"": ""B 머리가 큰 반응 없이 normal에 유지 / 같은 손 재사용은 회수·지지면 확보가 전제"", ""scenario"": ""N20""}]","[""N20_S1""]"
STEPF,Step feint · 스텝 페인트,MANIPULATION,"[""outside"", ""long"", ""mid""]",후퇴·추격을 유도해 공간 선택,작은 발 준비로 진입/후퇴 단서,후퇴·추격을 유도해 공간 선택,상대가 선점·실제 발이 묶임,"{""distance"": [""outside"", ""long"", ""mid""], ""guard"": ""기술을 낼 손이 움직일 수 있고 지지면이 확보된 상태"", ""phase"": ""neutral/startup 또는 반격 창""}",distance cue; actual range may stay,"[""S14""]",coaching consensus,"[""BACK"", ""READ""]","[{""actor"": ""B"", ""action"": ""BACK"", ""condition"": ""B가 실제 발 후퇴 / 같은 손 재사용은 회수·지지면 확보가 전제"", ""scenario"": ""N21""}, {""actor"": ""B"", ""action"": ""READ"", ""condition"": ""후퇴하지 않고 지지면 유지 / 같은 손 재사용은 회수·지지면 확보가 전제"", ""scenario"": ""N21""}]","[""N21_S1""]"
PROBE,Probe · 탐색 잽,MANIPULATION,"[""outside"", ""long""]",사거리·반응 패턴에 정보 획득,짧은 잽·거리 시도로 반응을 관찰,사거리·반응 패턴에 정보 획득,습관 노출·강한 카운터; 반드시 안전하지 않음,"{""distance"": [""outside"", ""long""], ""guard"": ""기술을 낼 손이 움직일 수 있고 지지면이 확보된 상태"", ""phase"": ""neutral/startup 또는 반격 창""}",information recorded; 실전 잽과 연속체,"[""S06"", ""S22""]",coaching consensus,"[""PARRY""]","[{""actor"": ""B"", ""action"": ""PARRY"", ""condition"": ""일정 박자 작은 패리 / 같은 손 재사용은 회수·지지면 확보가 전제"", ""scenario"": ""N22""}]","[""N01_S24"", ""N02_S18"", ""N19_S15"", ""N22_S1""]"
HAND,Hand fighting · 앞손 싸움,MANIPULATION,"[""long"", ""mid""]",잽 라인·뒷손 라인 준비,짧은 접촉·패리로 상대 앞손 위치 경쟁,잽 라인·뒷손 라인 준비,자기 앞손 측면 공백·상대 뒷손,"{""distance"": [""long"", ""mid""], ""guard"": ""기술을 낼 손이 움직일 수 있고 지지면이 확보된 상태"", ""phase"": ""neutral/startup 또는 반격 창""}",lead guard contact; open stance geometry matters,"[""S12"", ""S13""]",coaching consensus,"[""OUTFOOT"", ""INFOOT""]","[{""actor"": ""A"", ""action"": ""OUTFOOT"", ""condition"": ""A 왼앞발을 B 오른앞발 바깥; 몸통도 정렬 / 같은 손 재사용은 회수·지지면 확보가 전제"", ""scenario"": ""N13""}, {""actor"": ""B"", ""action"": ""INFOOT"", ""condition"": ""B가 안쪽에 있어도 머리·가드를 A 뒷손에서 offset / 같은 손 재사용은 회수·지지면 확보가 전제"", ""scenario"": ""N13""}]","[""N13_S1""]"
GM,Guard manipulation · 가드 유도,MANIPULATION,"[""mid"", ""pocket""]",방어 면이 옮겨간 반대 표적 탐색,표적·펀치 궤도로 가드 반응을 유도,방어 면이 옮겨간 반대 표적 탐색,상대가 구조를 유지하면 틈 안 생김,"{""distance"": [""mid"", ""pocket""], ""guard"": ""기술을 낼 손이 움직일 수 있고 지지면이 확보된 상태"", ""phase"": ""neutral/startup 또는 반격 창""}","guard response conditional, never automatic","[""S02"", ""S14""]",biomechanical inference,"[""BH""]","[{""actor"": ""A"", ""action"": ""BH"", ""condition"": ""B 팔꿈치가 벌어졌고 진입 완료 / 같은 손 재사용은 회수·지지면 확보가 전제"", ""scenario"": ""N10""}]","[""N10_S3""]"
LEVEL,Level change · 실제 높이 변경,MANIPULATION,"[""long"", ""mid"", ""pocket""]",보디 진입·머리 라인 이동,무릎으로 합법 표적 높이를 변경,보디 진입·머리 라인 이동,시야·앞발 하중·상승 공격 위험,"{""distance"": [""long"", ""mid"", ""pocket""], ""guard"": ""기술을 낼 손이 움직일 수 있고 지지면이 확보된 상태"", ""phase"": ""neutral/startup 또는 반격 창""}",head low; weight variant-dependent,"[""S10""]",coaching consensus,"[""BJAB""]","[{""actor"": ""A"", ""action"": ""BJAB"", ""condition"": ""A 지지면 유지·B 몸통의 실제 사거리 / 같은 손 재사용은 회수·지지면 확보가 전제"", ""scenario"": ""N26""}]","[""N26_S3""]"
RHYTHM,Rhythm change · 박자 변화,MANIPULATION,"[""long"", ""mid"", ""pocket""]",예측 방어 창의 재설정,동일 간격을 깨고 지연·빠른 연속을 섞음,예측 방어 창의 재설정,멈춘 박자에 선제 공격 허용,"{""distance"": [""long"", ""mid"", ""pocket""], ""guard"": ""기술을 낼 손이 움직일 수 있고 지지면이 확보된 상태"", ""phase"": ""neutral/startup 또는 반격 창""}",timing expectation changes; physical state not forced,"[""S06"", ""S05""]",coaching consensus,"[""WIDE""]","[{""actor"": ""B"", ""action"": ""WIDE"", ""condition"": ""B가 옛 박자에 조기 패리 / 같은 손 재사용은 회수·지지면 확보가 전제"", ""scenario"": ""N22""}]","[""N22_S3""]"
TEMPO,Tempo change · 템포 변화,MANIPULATION,"[""long"", ""mid"", ""pocket""]",선택 시간과 회복 시간 압박,교환 빈도·이동 속도를 일정 구간 변경,선택 시간과 회복 시간 압박,피로·정확도·가드 회복 비용,"{""distance"": [""long"", ""mid"", ""pocket""], ""guard"": ""기술을 낼 손이 움직일 수 있고 지지면이 확보된 상태"", ""phase"": ""neutral/startup 또는 반격 창""}",pace changes; fatigue context,"[""S06"", ""S15""]",coaching consensus,"[""COMBO""]","[{""actor"": ""A"", ""action"": ""COMBO"", ""condition"": ""짧은 머리–보디 연계 / 같은 손 재사용은 회수·지지면 확보가 전제"", ""scenario"": ""N22""}]","[""N22_S13""]"
TRAP,Distance trap · 거리 함정,MANIPULATION,"[""long"", ""mid""]",miss 뒤 반격 창,닿을 듯한 거리를 보여 상대 과진입을 유도,miss 뒤 반격 창,상대가 발로 보정하거나 공격 안 함,"{""distance"": [""long"", ""mid""], ""guard"": ""기술을 낼 손이 움직일 수 있고 지지면이 확보된 상태"", ""phase"": ""neutral/startup 또는 반격 창""}",range near boundary; belief update,"[""S06"", ""S14""]",biomechanical inference,"[""JAB""]","[{""actor"": ""B"", ""action"": ""JAB"", ""condition"": ""B가 과도한 상체 진입으로 닿으려 함 / 같은 손 재사용은 회수·지지면 확보가 전제"", ""scenario"": ""N16""}]","[""N16_S1""]"
OUTFOOT,Outside lead foot · 바깥 앞발,POSITION,"[""long"", ""mid""]",뒷손 통로·측면 출구를 만들 수 있음,오픈 스탠스에서 앞발을 상대 앞발 바깥에 위치,뒷손 통로·측면 출구를 만들 수 있음,상대 재피벗·앞손 훅·안쪽 타격; 자동 안전 아님,"{""distance"": [""long"", ""mid""], ""guard"": ""기술을 낼 손이 움직일 수 있고 지지면이 확보된 상태"", ""phase"": ""neutral/startup 또는 반격 창""}",outside foot; torso alignment must be checked,"[""S13""]",biomechanical inference,"[""CROSS""]","[{""actor"": ""A"", ""action"": ""CROSS"", ""condition"": ""머리도 B 뒷손 라인에서 벗어나고 A 뒷손 통로 열림 / 같은 손 재사용은 회수·지지면 확보가 전제"", ""scenario"": ""N13""}, {""actor"": ""A"", ""action"": ""CROSS"", ""condition"": ""A 뒷손 새 통로·도달 / 같은 손 재사용은 회수·지지면 확보가 전제"", ""scenario"": ""N14""}]","[""N13_S2"", ""N14_S5""]"
INFOOT,Inside lead foot · 안쪽 앞발,POSITION,"[""long"", ""mid""]",빠른 안쪽 통로·앞손 공격도 가능,상대 앞발 안쪽 위치에서 머리·손을 정렬,빠른 안쪽 통로·앞손 공격도 가능,상대 바깥 뒷손 라인 노출,"{""distance"": [""long"", ""mid""], ""guard"": ""기술을 낼 손이 움직일 수 있고 지지면이 확보된 상태"", ""phase"": ""neutral/startup 또는 반격 창""}",inside foot; head/guard offset needed,"[""S13""]",biomechanical inference,"[""CJ""]","[{""actor"": ""B"", ""action"": ""CJ"", ""condition"": ""안쪽 잽 통로와 거리 확보 / 같은 손 재사용은 회수·지지면 확보가 전제"", ""scenario"": ""N13""}]","[""N13_S9""]"
PRESS,Pressure / ring cut · 압박·링 커팅,POSITION,"[""long"", ""mid""]",퇴로·시간을 줄임,상대 출구를 선점하며 가드 있는 진입,퇴로·시간을 줄임,직선 추격·스텝 중 인터셉트,"{""distance"": [""long"", ""mid""], ""guard"": ""기술을 낼 손이 움직일 수 있고 지지면이 확보된 상태"", ""phase"": ""neutral/startup 또는 반격 창""}",opponent ring space reduced only if cut succeeds,"[""S06""]",coaching consensus,"[""CPRESS"", ""JAB"", ""HG"", ""LAT"", ""CJ"", ""BACK""]","[{""actor"": ""B"", ""action"": ""CPRESS"", ""condition"": ""A 발 스텝에 맞춰 짧은 멈춤 타격 / 같은 손 재사용은 회수·지지면 확보가 전제"", ""scenario"": ""N10""}, {""actor"": ""A"", ""action"": ""JAB"", ""condition"": ""B 머리 위협 / 같은 손 재사용은 회수·지지면 확보가 전제"", ""scenario"": ""N17""}, {""actor"": ""B"", ""action"": ""CPRESS"", ""condition"": ""A 진입 startup에 멈춤 직선 반격 / 같은 손 재사용은 회수·지지면 확보가 전제"", ""scenario"": ""N17""}, {""actor"": ""B"", ""action"": ""HG"", ""condition"": ""B 머리 가드 압축 / 같은 손 재사용은 회수·지지면 확보가 전제"", ""scenario"": ""N18""}, {""actor"": ""B"", ""action"": ""LAT"", ""condition"": ""첫 출구 시도; A와 접촉 없는 발 공간 / 같은 손 재사용은 회수·지지면 확보가 전제"", ""scenario"": ""N18""}, {""actor"": ""B"", ""action"": ""CJ"", ""condition"": ""A 도착 스텝에 잽 선점 / 같은 손 재사용은 회수·지지면 확보가 전제"", ""scenario"": ""N21""}, {""actor"": ""B"", ""action"": ""BACK"", ""condition"": ""짧은 후퇴는 가능하지만 로프까지 퇴로를 소비 / 같은 손 재사용은 회수·지지면 확보가 전제"", ""scenario"": ""N27""}, {""actor"": ""B"", ""action"": ""LAT"", ""condition"": ""로프 도착 전에 옆 출구 선택 / 같은 손 재사용은 회수·지지면 확보가 전제"", ""scenario"": ""N27""}]","[""N10_S11"", ""N17_S1"", ""N18_S1"", ""N21_S3"", ""N27_S1""]"
CPRESS,Counter-pressure · 역압박,COUNTER,"[""long"", ""mid"", ""pocket""]",상대가 일방 전진하는 박자 중단,후퇴 중 짧게 멈추고 타격·각도 선점,상대가 일방 전진하는 박자 중단,멈출 때 중심선·교환 위험,"{""distance"": [""long"", ""mid"", ""pocket""], ""guard"": ""기술을 낼 손이 움직일 수 있고 지지면이 확보된 상태"", ""phase"": ""neutral/startup 또는 반격 창""}",initiative shifts conditionally,"[""S06""]",biomechanical inference,"[""CATCH"", ""SOUT""]","[{""actor"": ""A"", ""action"": ""CATCH"", ""condition"": ""B 직선 면을 작은 글러브로 / 같은 손 재사용은 회수·지지면 확보가 전제"", ""scenario"": ""N10""}, {""actor"": ""A"", ""action"": ""SOUT"", ""condition"": ""B 직선 바깥 머리 이동 / 같은 손 재사용은 회수·지지면 확보가 전제"", ""scenario"": ""N17""}]","[""N10_S12"", ""N17_S9""]"
EXIT,Exit angle · 각도 탈출,POSITION,"[""long"", ""mid"", ""pocket""]",콤비네이션 직선 추격에서 벗어남,방어·짧은 타격 뒤 옆 이동과 재지향,콤비네이션 직선 추격에서 벗어남,상대 훅·링 커팅·뒤돌기 금지,"{""distance"": [""long"", ""mid"", ""pocket""], ""guard"": ""기술을 낼 손이 움직일 수 있고 지지면이 확보된 상태"", ""phase"": ""neutral/startup 또는 반격 창""}",angle changes then guard/range reset,"[""S06""]",coaching consensus,"[""RESET""]","[{""actor"": ""A"", ""action"": ""RESET"", ""condition"": ""B 탈출 후 양쪽이 가드·발을 복귀 / 같은 손 재사용은 회수·지지면 확보가 전제"", ""scenario"": ""N01""}, {""actor"": ""A"", ""action"": ""RESET"", ""condition"": ""공격 중단과 재정렬 창 / 같은 손 재사용은 회수·지지면 확보가 전제"", ""scenario"": ""N02""}, {""actor"": ""B"", ""action"": ""RESET"", ""condition"": ""추격 중단 후 서로 재정렬 / 같은 손 재사용은 회수·지지면 확보가 전제"", ""scenario"": ""N03""}, {""actor"": ""B"", ""action"": ""RESET"", ""condition"": ""옆 이동에 재지향 / 같은 손 재사용은 회수·지지면 확보가 전제"", ""scenario"": ""N04""}, {""actor"": ""A"", ""action"": ""RESET"", ""condition"": ""추격 대신 다시 잽 거리 / 같은 손 재사용은 회수·지지면 확보가 전제"", ""scenario"": ""N05""}, {""actor"": ""B"", ""action"": ""RESET"", ""condition"": ""새 bearing에 재정렬 / 같은 손 재사용은 회수·지지면 확보가 전제"", ""scenario"": ""N06""}, {""actor"": ""B"", ""action"": ""RESET"", ""condition"": ""추격 보류 / 같은 손 재사용은 회수·지지면 확보가 전제"", ""scenario"": ""N10""}, {""actor"": ""A"", ""action"": ""RESET"", ""condition"": ""각도·거리 다시 설정 / 같은 손 재사용은 회수·지지면 확보가 전제"", ""scenario"": ""N11""}, {""actor"": ""A"", ""action"": ""RESET"", ""condition"": ""B 각도로 재지향 / 같은 손 재사용은 회수·지지면 확보가 전제"", ""scenario"": ""N12""}, {""actor"": ""B"", ""action"": ""RESET"", ""condition"": ""양쪽 각도·발 중립 재정렬 / 같은 손 재사용은 회수·지지면 확보가 전제"", ""scenario"": ""N13""}, {""actor"": ""A"", ""action"": ""RESET"", ""condition"": ""서로 재지향 / 같은 손 재사용은 회수·지지면 확보가 전제"", ""scenario"": ""N14""}, {""actor"": ""B"", ""action"": ""RESET"", ""condition"": ""가드·발 재정렬 / 같은 손 재사용은 회수·지지면 확보가 전제"", ""scenario"": ""N15""}, {""actor"": ""A"", ""action"": ""RESET"", ""condition"": ""중앙에서 재정렬 / 같은 손 재사용은 회수·지지면 확보가 전제"", ""scenario"": ""N17""}, {""actor"": ""A"", ""action"": ""RESET"", ""condition"": ""가드·발·거리 재정렬 / 같은 손 재사용은 회수·지지면 확보가 전제"", ""scenario"": ""N18""}, {""actor"": ""A"", ""action"": ""RESET"", ""condition"": ""서로 재지향 / 같은 손 재사용은 회수·지지면 확보가 전제"", ""scenario"": ""N18""}, {""actor"": ""B"", ""action"": ""RESET"", ""condition"": ""과추격 대신 재정렬 / 같은 손 재사용은 회수·지지면 확보가 전제"", ""scenario"": ""N19""}, {""actor"": ""B"", ""action"": ""RESET"", ""condition"": ""새 bearing 확인 / 같은 손 재사용은 회수·지지면 확보가 전제"", ""scenario"": ""N20""}, {""actor"": ""A"", ""action"": ""RESET"", ""condition"": ""서로 재정렬 / 같은 손 재사용은 회수·지지면 확보가 전제"", ""scenario"": ""N21""}, {""actor"": ""B"", ""action"": ""RESET"", ""condition"": ""재지향 / 같은 손 재사용은 회수·지지면 확보가 전제"", ""scenario"": ""N22""}, {""actor"": ""A"", ""action"": ""RESET"", ""condition"": ""상대와 재지향 / 같은 손 재사용은 회수·지지면 확보가 전제"", ""scenario"": ""N23""}, {""actor"": ""A"", ""action"": ""RESET"", ""condition"": ""짧은 교환을 종료 / 같은 손 재사용은 회수·지지면 확보가 전제"", ""scenario"": ""N24""}, {""actor"": ""B"", ""action"": ""RESET"", ""condition"": ""각도·거리 재설정 / 같은 손 재사용은 회수·지지면 확보가 전제"", ""scenario"": ""N25""}, {""actor"": ""A"", ""action"": ""RESET"", ""condition"": ""새 교환 전 재정렬 / 같은 손 재사용은 회수·지지면 확보가 전제"", ""scenario"": ""N25""}, {""actor"": ""A"", ""action"": ""RESET"", ""condition"": ""높이·각도·가드 복구 / 같은 손 재사용은 회수·지지면 확보가 전제"", ""scenario"": ""N26""}, {""actor"": ""A"", ""action"": ""RESET"", ""condition"": ""B 탈출 뒤 서로 재지향 / 같은 손 재사용은 회수·지지면 확보가 전제"", ""scenario"": ""N27""}, {""actor"": ""A"", ""action"": ""RESET"", ""condition"": ""상대와 재정렬 / 같은 손 재사용은 회수·지지면 확보가 전제"", ""scenario"": ""N27""}]","[""N01_S7"", ""N02_S8"", ""N03_S14"", ""N04_S16"", ""N05_S7"", ""N05_S16"", ""N06_S7"", ""N10_S8"", ""N11_S8"", ""N12_S5"", ""N13_S7"", ""N14_S8"", ""N15_S7"", ""N17_S7"", ""N18_S8"", ""N18_S15"", ""N19_S8"", ""N20_S7"", ""N21_S14"", ""N22_S11"", ""N23_S8"", ""N24_S8"", ""N25_S8"", ""N25_S15"", ""N26_S10"", ""N27_S7"", ""N27_S14""]"
RESET,Reset · 재정렬,POSITION,"[""outside"", ""long"", ""mid"", ""pocket"", ""clinch""]",새 교환 준비,손·발·시선·상대 bearing을 다시 맞춤,새 교환 준비,시간 비용; 상대가 계속 치면 완료 불가,"{""distance"": [""outside"", ""long"", ""mid"", ""pocket"", ""clinch""], ""guard"": ""기술을 낼 손이 움직일 수 있고 지지면이 확보된 상태"", ""phase"": ""neutral/startup 또는 반격 창""}",neutral phases and guard only when window secured,"[""S06""]",coaching consensus,"[""LU""]","[{""actor"": ""A"", ""action"": ""LU"", ""condition"": ""분리 후 자유 앞손 중앙 통로 / 같은 손 재사용은 회수·지지면 확보가 전제"", ""scenario"": ""N23""}]","[""N01_S8"", ""N01_S17"", ""N02_S9"", ""N03_S7"", ""N03_S15"", ""N04_S17"", ""N05_S8"", ""N06_S8"", ""N07_S9"", ""N08_S12"", ""N09_S8"", ""N10_S9"", ""N10_S14"", ""N11_S9"", ""N12_S6"", ""N12_S12"", ""N13_S8"", ""N13_S14"", ""N14_S9"", ""N15_S8"", ""N16_S8"", ""N17_S8"", ""N18_S9"", ""N18_S16"", ""N19_S9"", ""N20_S8"", ""N20_S14"", ""N21_S8"", ""N21_S15"", ""N22_S12"", ""N22_S18"", ""N23_S4"", ""N23_S9"", ""N23_S16"", ""N24_S9"", ""N25_S9"", ""N25_S16"", ""N26_S11"", ""N27_S8"", ""N27_S15""]"
READ,Read / withhold · 읽고 보류,MANIPULATION,"[""outside"", ""long"", ""mid"", ""pocket""]",불필요한 가드 이동 억제,페인트 단서만으로 손·머리를 크게 옮기지 않음,불필요한 가드 이동 억제,실제 잽·보디 공격을 늦게 읽을 위험,"{""distance"": [""outside"", ""long"", ""mid"", ""pocket""], ""guard"": ""기술을 낼 손이 움직일 수 있고 지지면이 확보된 상태"", ""phase"": ""neutral/startup 또는 반격 창""}",normal guard; uncertainty remains,"[""S04"", ""S05""]",coaching consensus,"[""CJ"", ""JAB"", ""INTERCEPT""]","[{""actor"": ""B"", ""action"": ""CJ"", ""condition"": ""A 페인트가 멈춘 박자에 실제 앞손 선제 / 같은 손 재사용은 회수·지지면 확보가 전제"", ""scenario"": ""N01""}, {""actor"": ""A"", ""action"": ""JAB"", ""condition"": ""보류를 읽고 실제 앞손 / 같은 손 재사용은 회수·지지면 확보가 전제"", ""scenario"": ""N19""}, {""actor"": ""B"", ""action"": ""INTERCEPT"", ""condition"": ""A 어깨 과회전·멈춤 창에 선제 직선 / 같은 손 재사용은 회수·지지면 확보가 전제"", ""scenario"": ""N20""}, {""actor"": ""B"", ""action"": ""INTERCEPT"", ""condition"": ""A가 실제로 걸어들어올 때만 선제 직선 / 같은 손 재사용은 회수·지지면 확보가 전제"", ""scenario"": ""N21""}]","[""N01_S19"", ""N19_S10"", ""N20_S9"", ""N21_S9""]"
BREAK,Referee break · 심판 분리,POSITION,"[""clinch""]",밀착 국면에서 합법 새 거리,지시에 따라 분리·재개까지 타격 보류,밀착 국면에서 합법 새 거리,주도권·공간이 바뀜; break 중 공격 금지,"{""distance"": [""clinch""], ""guard"": ""기술을 낼 손이 움직일 수 있고 지지면이 확보된 상태"", ""phase"": ""neutral/startup 또는 반격 창""}",range long; both neutral on restart,"[""S17""]",coaching consensus,"[""PROBE"", ""JAB""]","[{""actor"": ""A"", ""action"": ""PROBE"", ""condition"": ""재개 신호 후 앞손 거리 재확인 / 같은 손 재사용은 회수·지지면 확보가 전제"", ""scenario"": ""N02""}, {""actor"": ""A"", ""action"": ""JAB"", ""condition"": ""재개 후 새 롱 레인지 앞손 / 같은 손 재사용은 회수·지지면 확보가 전제"", ""scenario"": ""N23""}]","[""N02_S17"", ""N04_S10"", ""N06_S14"", ""N08_S6"", ""N09_S15"", ""N17_S15"", ""N23_S11""]"
